TIME,Window State,iTemperature,iHumidity,ieCO2,iTVOC,iPM1.0,iPM10,iPM2.5,oTemperature,oHumidity,oeCO2,oTVOC,oPM1.0,oPM10,oPM2.5,Target
2024-03-08 09:00:00+00:00,1,19.304000000000002,47.0,1375.0,147.8,1.0,3.0,3.0,9.38,70.22200000000001,3595.6,4122.0,18.0,39.0,36.0,0
2024-03-08 09:05:00+00:00,1,19.396,46.86800000000001,1448.8,159.4,1.0,4.0,4.0,10.382000000000001,66.518,3695.6,4339.0,18.0,45.0,37.0,0
2024-03-08 09:10:00+00:00,1,19.468,46.983999999999995,1499.6,169.8,0.0,5.0,4.0,11.272,63.958000000000006,3609.2,4154.4,18.0,40.0,34.0,0
2024-03-08 09:15:00+00:00,1,19.548,46.982,1509.2,177.4,1.0,4.0,3.0,11.556000000000001,61.412,3624.2,4183.0,17.0,36.0,31.0,0
2024-03-08 09:20:00+00:00,1,19.63,46.96249999999999,1515.25,182.0,0.0,5.0,4.0,12.176,59.998000000000005,3621.0,4174.2,18.0,35.0,32.0,0
2024-03-08 09:25:00+00:00,1,19.842,46.926,1508.0,177.2,0.0,6.0,5.0,12.464,58.95200000000001,3630.8,4194.0,19.0,33.0,32.0,0
2024-03-08 09:30:00+00:00,1,19.894,46.766,1510.4,178.2,0.0,6.0,5.0,12.844,57.922000000000004,3588.4,4103.8,19.0,38.0,35.0,0
2024-03-08 09:35:00+00:00,1,19.97,46.882,1515.2,181.8,0.0,5.0,4.0,12.972,58.28000000000001,3548.6,4022.4,19.0,37.0,34.0,0
2024-03-08 09:40:00+00:00,1,20.026,46.866,1524.0,187.8,0.0,4.0,4.0,13.41,56.284000000000006,3595.2,4124.6,19.0,37.0,34.0,0
2024-03-08 09:45:00+00:00,1,20.107999999999997,46.78,1524.0,188.2,0.0,3.0,3.0,13.79,56.2925,3557.25,4040.5,18.0,36.0,33.0,0
2024-03-08 09:50:00+00:00,1,20.166,46.664,1537.4,197.6,0.0,4.0,4.0,14.302000000000001,55.028,3466.6,3849.2,18.0,35.0,33.0,0
2024-03-08 09:55:00+00:00,1,20.228,46.688,1548.4,205.6,0.0,4.0,4.0,13.657999999999998,55.45399999999999,3519.6,3963.2,19.0,40.0,34.0,0
2024-03-08 10:00:00+00:00,1,20.316,47.114,1538.2,197.8,0.0,5.0,4.0,12.25,58.072,3652.6,4246.6,20.0,42.0,36.0,0
2024-03-08 10:05:00+00:00,1,20.4,47.298,1545.6,204.2,0.0,3.0,3.0,10.522,63.28399999999999,3768.8,4488.4,19.0,41.0,35.0,0
2024-03-08 10:10:00+00:00,1,20.490000000000002,47.414,1549.8,206.6,0.0,4.0,4.0,9.453999999999999,65.446,3877.6,4745.2,19.0,41.0,34.0,0
2024-03-08 10:15:00+00:00,1,20.576,47.464,1563.2,217.2,0.0,4.0,3.0,9.066,67.762,3745.2,4439.8,20.0,40.0,34.0,0
2024-03-08 10:20:00+00:00,1,20.654,47.29200000000001,1573.0,224.4,0.0,3.0,3.0,8.687999999999999,68.604,3716.2,4382.8,20.0,44.0,39.0,0
2024-03-08 10:25:00+00:00,1,20.721999999999998,47.346000000000004,1575.6,225.6,0.0,3.0,3.0,8.372,70.096,3707.4,4361.8,19.0,42.0,34.0,0
2024-03-08 10:30:00+00:00,1,20.79,47.45,1607.8,255.2,0.0,4.0,4.0,8.006,72.93599999999999,3623.0,4178.6,18.0,40.0,34.0,0
2024-03-08 10:35:00+00:00,1,20.881999999999998,47.465999999999994,1709.2,347.8,1.0,3.0,3.0,7.712000000000001,75.07000000000001,3508.4,3936.0,21.0,45.0,38.0,0
2024-03-08 10:40:00+00:00,1,20.951999999999998,47.474000000000004,1723.0,360.0,1.0,4.0,4.0,7.552000000000001,75.696,3421.8,3756.0,21.0,46.0,38.0,0
2024-03-08 10:45:00+00:00,1,21.029999999999994,47.598,1716.4,354.0,0.0,4.0,3.0,7.646000000000001,74.78999999999999,3403.4,3719.6,22.0,47.0,40.0,0
2024-03-08 10:50:00+00:00,1,21.088,47.392,1711.2,349.0,0.0,5.0,3.0,7.433999999999999,76.048,3338.2,3574.8,22.0,51.0,40.0,0
2024-03-08 10:55:00+00:00,1,21.15,47.542,1707.0,346.4,1.0,7.0,4.0,7.33,76.398,3292.8,3477.2,20.0,50.0,40.0,0
2024-03-08 11:00:00+00:00,1,21.174,47.525999999999996,1712.2,350.4,1.0,6.0,4.0,7.6675,76.04499999999999,3246.0,3376.75,22.0,51.0,42.0,0
2024-03-08 11:05:00+00:00,1,21.21,47.3325,1706.5,346.0,1.0,7.0,6.0,8.018,74.35,3319.6,3531.2,21.0,49.0,40.0,0
2024-03-08 11:10:00+00:00,1,21.258,47.346000000000004,1669.2,308.6,1.0,6.0,5.0,7.936,74.104,3291.2,3476.8,20.0,45.0,37.0,0
2024-03-08 11:15:00+00:00,1,21.3,47.226000000000006,1660.2,298.8,0.0,5.0,5.0,7.9,74.478,3282.8,3455.2,20.0,48.0,36.0,0
2024-03-08 11:20:00+00:00,1,21.344,46.916,1651.0,291.0,0.0,7.0,5.0,7.748,74.35,3247.2,3379.6,22.0,52.0,41.0,0
2024-03-08 11:25:00+00:00,1,21.394,46.632000000000005,1637.8,279.8,0.0,8.0,5.0,7.684,74.646,3190.8,3248.8,20.0,50.0,40.0,0
2024-03-08 11:30:00+00:00,1,21.412,46.501999999999995,1625.6,268.2,0.0,5.0,4.0,7.438,75.068,3166.8,3198.6,19.0,44.0,38.0,0
2024-03-08 11:35:00+00:00,1,21.422,46.366,1617.2,260.8,0.0,6.0,5.0,7.2219999999999995,75.88199999999999,3148.8,3166.6,20.0,44.0,37.0,0
2024-03-08 11:40:00+00:00,1,21.395999999999997,46.312,1607.0,251.6,1.0,7.0,4.0,7.2219999999999995,76.422,3111.0,3084.8,22.0,47.0,39.0,0
2024-03-08 11:45:00+00:00,1,21.36,46.356,1599.2,244.2,1.0,6.0,5.0,7.273999999999999,77.054,3092.4,3045.6,21.0,44.0,37.0,0
2024-03-08 11:50:00+00:00,1,21.36,46.370000000000005,1588.2,235.0,1.0,4.0,4.0,7.337999999999999,76.73,3086.4,3032.2,20.0,51.0,40.0,0
2024-03-08 11:55:00+00:00,1,21.374,46.41199999999999,1573.4,223.4,3.0,5.0,5.0,7.488000000000001,76.866,3048.2,2948.0,18.0,49.0,38.0,0
2024-03-08 12:00:00+00:00,1,21.356,46.376000000000005,1579.2,228.0,2.0,5.0,5.0,7.653999999999999,75.544,3056.0,2967.2,18.0,47.0,36.0,0
2024-03-08 12:05:00+00:00,1,21.332,46.42,1570.8,222.2,2.0,5.0,5.0,7.714,72.842,3108.6,3081.2,18.0,44.0,33.0,0
2024-03-08 12:10:00+00:00,1,21.312,46.38199999999999,1559.0,212.8,2.0,5.0,5.0,7.867999999999999,71.99199999999999,3215.8,3310.0,17.0,42.0,31.0,0
2024-03-08 12:15:00+00:00,1,21.282,46.273999999999994,1552.0,208.0,2.0,5.0,5.0,7.6819999999999995,73.74,3166.2,3201.6,18.0,44.0,34.0,0
2024-03-08 12:20:00+00:00,1,21.258,46.39,1546.0,203.4,3.0,7.0,6.0,7.5600000000000005,72.084,3174.0,3218.4,20.0,45.0,36.0,0
2024-03-08 12:25:00+00:00,1,21.253999999999998,46.612,1561.6,215.2,3.0,8.0,8.0,7.4925,71.1575,3199.75,3273.0,19.0,49.0,39.0,0
2024-03-08 12:30:00+00:00,1,21.274,46.876,1542.0,200.2,2.0,7.0,7.0,7.704000000000001,72.936,3252.0,3391.4,19.0,47.0,37.0,0
2024-03-08 12:35:00+00:00,1,21.286,46.80800000000001,1545.4,203.2,1.0,7.0,6.0,7.65,74.696,3198.0,3271.4,20.0,44.0,39.0,0
2024-03-08 12:40:00+00:00,1,21.298000000000002,46.866,1542.6,201.2,3.0,8.0,8.0,7.572,75.37,3165.6,3200.0,22.0,48.0,41.0,0
2024-03-08 12:45:00+00:00,1,21.330000000000002,46.769999999999996,1545.6,203.2,3.0,8.0,8.0,7.706,74.32000000000001,3161.4,3192.2,20.0,44.0,36.0,0
2024-03-08 12:50:00+00:00,1,21.392,46.745999999999995,1545.6,203.2,3.0,8.0,8.0,7.764,74.554,3142.2,3152.2,22.0,46.0,38.0,0
2024-03-08 12:55:00+00:00,1,21.45,46.602,1544.0,202.0,3.0,8.0,8.0,7.682,73.61,3174.6,3218.4,22.0,47.0,41.0,0
2024-03-08 13:00:00+00:00,1,21.508,46.45,1550.6,206.6,3.0,9.0,8.0,7.444,73.09,3150.0,3169.0,22.0,48.0,42.0,0
2024-03-08 13:05:00+00:00,1,21.556,46.42,1560.0,214.0,3.0,10.0,9.0,7.226000000000001,74.08800000000001,3132.6,3134.0,21.0,50.0,43.0,0
2024-03-08 13:10:00+00:00,1,21.592000000000002,46.258,1556.8,210.8,4.0,9.0,8.0,7.258,73.546,3114.0,3091.2,20.0,47.0,39.0,0
2024-03-08 13:15:00+00:00,1,21.6,46.239999999999995,1545.0,202.8,4.0,9.0,7.0,7.287999999999999,73.824,3129.0,3125.0,20.0,46.0,38.0,0
2024-03-08 13:25:00+00:00,1,21.654000000000003,45.784,1555.4,210.6,4.0,8.0,7.0,7.65,71.93999999999998,3107.2,3078.0,20.0,48.0,38.0,0
2024-03-08 13:30:00+00:00,1,21.651999999999997,45.67399999999999,1548.6,205.6,3.0,9.0,8.0,7.862,71.484,3189.8,3253.6,21.0,49.0,42.0,0
2024-03-08 13:35:00+00:00,1,21.671999999999997,45.686,1536.2,197.0,3.0,7.0,7.0,8.096,69.546,3214.2,3308.4,21.0,43.0,37.0,0
2024-03-08 13:40:00+00:00,1,21.678000000000004,45.678000000000004,1542.8,201.2,4.0,9.0,9.0,8.468,68.664,3270.6,3430.8,21.0,42.0,37.0,0
2024-03-08 13:45:00+00:00,1,21.674,45.596000000000004,1543.0,201.2,3.0,8.0,8.0,8.812,67.934,3295.4,3481.6,20.0,45.0,38.0,0
2024-03-08 13:50:00+00:00,1,21.663999999999998,45.61800000000001,1558.0,213.2,3.0,9.0,6.0,9.182500000000001,67.065,3349.75,3599.5,20.0,48.0,41.0,0
2024-03-08 13:55:00+00:00,1,21.669999999999998,45.55799999999999,1565.4,218.6,3.0,8.0,6.0,9.628,64.91799999999999,3493.8,3900.6,20.0,48.0,40.0,0
2024-03-08 14:00:00+00:00,1,21.682000000000002,45.648,1562.6,216.8,3.0,9.0,7.0,9.796,64.15799999999999,3545.0,4015.6,20.0,47.0,38.0,0
2024-03-08 14:05:00+00:00,1,21.69,45.702,1571.6,223.2,2.0,7.0,7.0,9.790000000000001,63.36999999999999,3574.8,4074.6,20.0,44.0,37.0,0
2024-03-08 14:10:00+00:00,1,21.718,45.754,1569.4,221.4,2.0,7.0,7.0,9.726,64.042,3587.0,4103.8,20.0,47.0,39.0,0
2024-03-08 14:15:00+00:00,1,21.746000000000002,45.848,1573.2,224.2,4.0,9.0,8.0,10.046,63.024,3603.6,4133.8,22.0,46.0,39.0,0
2024-03-08 14:20:00+00:00,1,21.776,45.815999999999995,1566.2,218.6,3.0,7.0,7.0,10.629999999999999,61.574,3584.0,4099.2,20.0,43.0,38.0,0
2024-03-08 14:25:00+00:00,1,21.824,45.846000000000004,1574.8,225.0,3.0,7.0,4.0,10.786,60.693999999999996,3583.2,4099.6,21.0,46.0,39.0,0
2024-03-08 14:30:00+00:00,1,21.832,45.888,1574.8,225.0,3.0,8.0,8.0,10.406,61.34400000000001,3621.6,4172.4,21.0,45.0,37.0,0
2024-03-08 14:35:00+00:00,1,21.884999999999998,45.9575,1574.5,224.75,2.0,6.0,6.0,10.248,61.584,3667.8,4276.6,20.0,45.0,38.0,0
2024-03-08 14:40:00+00:00,1,22.02,45.8,1577.6,226.6,1.0,6.0,5.0,10.613999999999999,61.134,3648.4,4230.0,19.0,43.0,38.0,0
2024-03-08 14:45:00+00:00,1,22.046,45.794,1584.8,232.2,1.0,7.0,6.0,10.494000000000002,60.504,3684.4,4306.8,21.0,43.0,38.0,0
2024-03-08 14:50:00+00:00,1,22.022,45.956,1584.4,232.0,2.0,7.0,7.0,10.002,62.55800000000001,3718.6,4383.0,21.0,49.0,40.0,0
2024-03-08 14:55:00+00:00,1,22.028,46.052,1598.8,243.8,3.0,7.0,6.0,9.846,63.52,3725.0,4399.0,20.0,48.0,41.0,0
2024-03-08 15:00:00+00:00,1,22.046,46.019999999999996,1601.2,246.2,3.0,7.0,7.0,10.304,61.194,3735.4,4419.2,20.0,45.0,39.0,0
2024-03-08 15:05:00+00:00,1,22.066000000000003,46.032,1608.0,253.0,2.0,6.0,5.0,12.208,57.038,3595.8,4122.0,20.0,44.0,40.0,0
2024-03-08 15:10:00+00:00,1,22.088,46.19,1619.2,263.2,1.0,6.0,5.0,13.728,53.14,3503.4,3921.6,21.0,44.0,38.0,0
2024-03-08 15:15:00+00:00,1,22.134000000000004,46.258,1626.2,268.8,1.0,7.0,6.0,13.868,52.794000000000004,3507.4,3932.0,20.0,42.0,35.0,0
2024-03-08 15:20:00+00:00,1,22.188,46.31,1624.2,267.6,1.0,5.0,5.0,13.602,53.508,3524.4,3973.4,22.0,46.0,38.0,0
2024-03-08 15:25:00+00:00,1,22.240000000000002,46.232000000000006,1628.6,271.4,1.0,6.0,5.0,12.618,55.2,3606.0,4141.2,23.0,45.0,41.0,0
2024-03-08 15:30:00+00:00,1,22.256,46.126,1604.6,250.0,1.0,6.0,6.0,12.15,55.32000000000001,3677.4,4296.2,23.0,45.0,43.0,0
2024-03-08 15:35:00+00:00,1,22.306,46.17,1623.0,266.8,1.0,7.0,6.0,12.08,56.125,3717.5,4378.0,21.0,44.0,43.0,0
2024-03-08 15:45:00+00:00,1,22.385999999999996,46.126,1628.0,270.6,1.0,9.0,7.0,13.262,54.67999999999999,3637.0,4209.2,19.0,44.0,38.0,0
2024-03-08 15:50:00+00:00,1,22.418,45.970000000000006,1630.4,272.8,0.0,6.0,6.0,13.931999999999999,51.61,3636.8,4212.0,19.0,42.0,39.0,0
2024-03-08 15:55:00+00:00,1,22.458,45.86999999999999,1630.4,272.8,0.0,6.0,5.0,15.366,48.246,3581.0,4090.8,18.0,39.0,36.0,0
2024-03-08 16:00:00+00:00,1,22.472,45.822,1627.4,270.4,1.0,6.0,6.0,16.413999999999998,46.248000000000005,3521.4,3964.8,18.0,40.0,35.0,0
2024-03-08 16:05:00+00:00,1,22.479999999999997,45.733999999999995,1624.6,267.6,1.0,8.0,7.0,15.819999999999999,47.09599999999999,3515.0,3951.2,20.0,42.0,36.0,0
2024-03-08 16:10:00+00:00,1,22.522,45.864000000000004,1630.2,272.6,1.0,7.0,7.0,15.501999999999999,48.327999999999996,3568.8,4065.8,20.0,40.0,36.0,0
2024-03-08 16:15:00+00:00,1,22.547999999999995,45.705999999999996,1635.8,278.0,1.0,7.0,6.0,14.3875,50.8625,3591.0,4111.0,20.0,44.0,37.0,0
2024-03-08 16:20:00+00:00,1,22.558,45.46,1634.0,276.4,2.0,6.0,5.0,11.971999999999998,59.669999999999995,3689.6,4316.4,21.0,48.0,41.0,0
2024-03-08 16:25:00+00:00,1,22.584,45.354,1636.6,278.8,1.0,7.0,7.0,9.828,66.78999999999999,3812.8,4583.2,22.0,45.0,39.0,0
2024-03-08 16:30:00+00:00,1,22.576,45.257999999999996,1633.4,275.6,2.0,7.0,7.0,8.534,71.084,3623.4,4182.0,20.0,45.0,38.0,0
2024-03-08 16:35:00+00:00,1,22.546,45.158,1631.8,273.8,3.0,8.0,8.0,7.787999999999999,74.59,3484.0,3883.6,21.0,49.0,38.0,0
2024-03-08 16:40:00+00:00,1,22.524,44.940000000000005,1628.6,270.6,3.0,8.0,8.0,7.386,76.954,3319.6,3533.6,21.0,52.0,43.0,0
2024-03-08 16:45:00+00:00,1,22.51,44.769999999999996,1615.75,259.0,4.0,8.0,8.0,7.0575,77.4975,3228.75,3340.25,21.0,49.0,42.0,0
2024-03-08 16:50:00+00:00,1,22.46,44.754000000000005,1615.8,260.4,4.0,8.0,8.0,6.948,78.648,3093.6,3050.2,19.0,44.0,36.0,0
2024-03-08 16:55:00+00:00,1,22.424,44.726000000000006,1614.8,259.2,3.0,6.0,6.0,6.748,78.17800000000001,3018.0,2890.0,22.0,48.0,38.0,0
2024-03-08 17:00:00+00:00,1,22.389999999999997,44.686,1614.4,258.8,2.0,7.0,6.0,6.544,78.71600000000001,2939.0,2714.8,21.0,47.0,38.0,0
2024-03-08 17:05:00+00:00,1,22.333999999999996,44.55,1603.2,248.2,3.0,9.0,8.0,6.470000000000001,79.616,2878.8,2604.6,21.0,46.0,39.0,0
2024-03-08 17:10:00+00:00,1,22.276,44.52,1601.0,246.6,4.0,8.0,6.0,6.398000000000001,80.502,2825.0,2486.8,20.0,47.0,38.0,0
2024-03-08 17:15:00+00:00,1,22.204,44.458,1618.6,262.4,3.0,7.0,6.0,6.322,81.61399999999999,2764.2,2355.2,21.0,47.0,38.0,0
2024-03-08 17:20:00+00:00,1,22.130000000000003,44.376,1613.4,258.2,3.0,8.0,7.0,6.2540000000000004,82.42,2716.0,2252.0,21.0,50.0,40.0,0
2024-03-08 17:25:00+00:00,1,22.054000000000002,44.35,1599.2,245.2,2.0,8.0,8.0,6.188000000000001,82.50399999999999,2687.6,2181.2,22.0,50.0,40.0,0
2024-03-08 17:30:00+00:00,1,21.996,44.717999999999996,1592.0,238.0,1.0,7.0,6.0,6.09,82.25800000000001,2638.8,2078.8,23.0,49.0,40.0,0
2024-03-08 17:35:00+00:00,1,21.924,44.654,1584.0,231.8,2.0,6.0,6.0,6.032,83.47,2606.4,2010.4,23.0,48.0,40.0,0
2024-03-08 17:40:00+00:00,1,21.878,44.53,1577.4,227.4,3.0,8.0,7.0,6.026,83.568,2580.8,1951.6,23.0,51.0,39.0,0
2024-03-08 17:45:00+00:00,1,21.817999999999998,44.512,1563.4,217.4,2.0,5.0,5.0,5.936,82.828,2563.8,1914.8,22.0,53.0,40.0,0
2024-03-08 17:50:00+00:00,1,21.78,44.496,1551.2,208.0,2.0,8.0,8.0,5.869999999999999,82.818,2555.2,1897.0,22.0,50.0,42.0,0
2024-03-08 17:55:00+00:00,1,21.728,44.464,1554.2,209.8,3.0,9.0,8.0,5.782000000000001,83.658,2559.2,1905.6,23.0,51.0,43.0,0
2024-03-11 00:00:00+00:00,1,18.402,48.618,1441.0,158.0,1.0,4.0,4.0,6.142000000000001,95.99600000000001,1810.0,461.0,23.0,50.0,41.0,0
2024-03-11 00:05:00+00:00,1,18.39,48.612,1441.0,158.0,2.0,6.0,6.0,6.1240000000000006,95.996,1810.0,461.0,22.0,52.0,42.0,0
2024-03-11 00:10:00+00:00,1,18.412,48.606,1441.0,158.0,1.0,7.0,5.0,6.114,96.068,1810.0,461.0,23.0,48.0,42.0,0
2024-03-11 00:20:00+00:00,1,18.404000000000003,48.605999999999995,1452.6,160.0,2.0,5.0,4.0,6.132000000000001,96.162,1810.0,461.0,20.0,46.0,40.0,0
2024-03-11 00:25:00+00:00,1,18.387999999999998,48.59799999999999,1464.2,162.0,1.0,4.0,4.0,6.1579999999999995,96.076,1810.0,461.0,21.0,49.0,40.0,0
2024-03-11 00:30:00+00:00,1,18.398000000000003,48.602,1464.2,162.0,0.0,6.0,6.0,6.147999999999999,95.92999999999999,1810.0,461.0,20.0,48.0,39.0,0
2024-03-11 00:35:00+00:00,1,18.406,48.598,1458.4,161.0,0.0,6.0,6.0,6.136,95.78,1810.0,461.0,21.0,49.0,41.0,0
2024-03-11 00:40:00+00:00,1,18.388,48.59,1470.0,163.0,0.0,6.0,6.0,6.138,95.71000000000001,1810.0,461.0,22.0,47.0,40.0,0
2024-03-11 00:45:00+00:00,1,18.392,48.606,1464.2,162.0,0.0,7.0,6.0,6.130000000000001,95.508,1810.0,461.0,22.0,50.0,41.0,0
2024-03-11 00:50:00+00:00,1,18.384,48.612,1469.0,162.6,0.0,5.0,3.0,6.124,95.59200000000001,1810.0,461.0,21.0,44.0,37.0,0
2024-03-11 00:55:00+00:00,1,18.392000000000003,48.59,1476.4,163.8,0.0,6.0,4.0,6.104,95.826,1810.0,461.0,18.0,43.0,36.0,0
2024-03-11 01:00:00+00:00,1,18.380000000000003,48.598,1478.0,164.0,0.0,5.0,4.0,6.09,95.69,1810.0,461.0,18.0,44.0,37.0,0
2024-03-11 01:05:00+00:00,1,18.394,48.6,1478.0,164.0,1.0,5.0,3.0,6.0680000000000005,95.44,1810.0,461.0,18.0,43.0,33.0,0
2024-03-11 01:10:00+00:00,1,18.386000000000003,48.6,1478.0,164.0,0.0,4.0,4.0,6.066000000000001,95.414,1810.0,461.0,18.0,41.0,34.0,0
2024-03-11 01:15:00+00:00,1,18.372000000000003,48.628,1469.0,162.6,1.0,4.0,4.0,6.054,95.556,1810.0,461.0,18.0,41.0,36.0,0
2024-03-11 01:20:00+00:00,1,18.37,48.594,1476.4,163.8,2.0,6.0,5.0,6.0525,95.69749999999999,1810.0,461.0,17.0,40.0,35.0,0
2024-03-11 01:25:00+00:00,1,18.372000000000003,48.6,1429.2,156.6,3.0,8.0,5.0,6.0325,95.65,1810.0,461.0,17.0,39.0,31.0,0
2024-03-11 01:30:00+00:00,1,18.360000000000003,48.62599999999999,1478.0,164.0,2.0,6.0,5.0,6.0280000000000005,95.9,1810.0,461.0,18.0,39.0,32.0,0
2024-03-11 01:35:00+00:00,1,18.358,48.62199999999999,1474.8,163.6,1.0,6.0,6.0,6.006,95.892,1810.0,461.0,17.0,37.0,32.0,0
2024-03-11 01:40:00+00:00,1,18.352,48.60799999999999,1471.6,163.2,1.0,6.0,6.0,5.9559999999999995,95.79400000000001,1810.0,461.0,16.0,38.0,32.0,0
2024-03-11 01:45:00+00:00,1,18.351999999999997,48.624,1458.4,161.0,1.0,6.0,6.0,5.958,95.87,1810.0,461.0,17.0,40.0,34.0,0
2024-03-11 01:50:00+00:00,1,18.356,48.626,1441.0,158.0,1.0,6.0,6.0,5.98,96.03200000000001,1810.0,461.0,18.0,40.0,35.0,0
2024-03-11 01:55:00+00:00,1,18.348000000000003,48.61800000000001,1445.0,158.8,1.0,9.0,7.0,5.958,95.964,1810.0,461.0,17.0,39.0,33.0,0
2024-03-11 02:00:00+00:00,1,18.345999999999997,48.628,1441.0,158.0,2.0,7.0,6.0,5.936,95.712,1810.0,461.0,17.0,36.0,31.0,0
2024-03-11 02:05:00+00:00,1,18.346,48.629999999999995,1446.8,159.0,2.0,7.0,6.0,5.942,95.84200000000001,1810.0,461.0,17.0,40.0,32.0,0
2024-03-11 02:10:00+00:00,1,18.336000000000002,48.653999999999996,1441.0,158.0,1.0,6.0,4.0,5.970000000000001,95.91799999999999,1810.0,461.0,18.0,41.0,34.0,0
2024-03-11 02:15:00+00:00,1,18.338,48.654,1437.4,157.6,1.0,6.0,4.0,5.958,95.852,1810.0,461.0,19.0,42.0,34.0,0
2024-03-11 02:20:00+00:00,1,18.342,48.648,1424.8,155.8,1.0,4.0,3.0,5.938000000000001,95.676,1810.0,461.0,18.0,39.0,32.0,0
2024-03-11 02:25:00+00:00,1,18.330000000000002,48.644000000000005,1427.2,156.2,0.0,5.0,3.0,5.973999999999999,95.46000000000001,1810.0,461.0,17.0,40.0,33.0,0
2024-03-11 02:30:00+00:00,1,18.338,48.644000000000005,1429.6,156.6,0.0,5.0,5.0,5.978,95.258,1810.0,461.0,17.0,41.0,35.0,0
2024-03-11 02:35:00+00:00,1,18.326,48.645999999999994,1429.6,156.6,1.0,4.0,4.0,5.999999999999999,95.24,1810.0,461.0,17.0,41.0,35.0,0
2024-03-11 02:40:00+00:00,1,18.326,48.657999999999994,1429.6,156.6,1.0,6.0,5.0,6.028,95.304,1810.0,461.0,18.0,38.0,32.0,0
2024-03-11 02:45:00+00:00,1,18.332,48.636,1424.8,155.8,1.0,5.0,5.0,6.016,95.11800000000002,1810.0,461.0,16.0,35.0,30.0,0
2024-03-11 02:50:00+00:00,1,18.332,48.67,1419.2,154.8,0.0,6.0,4.0,6.042,95.046,1810.0,461.0,15.0,38.0,31.0,0
2024-03-11 02:55:00+00:00,1,18.322,48.668000000000006,1413.6,153.8,0.0,8.0,7.0,6.037999999999999,94.83000000000001,1810.0,461.0,16.0,37.0,30.0,0
2024-03-11 03:05:00+00:00,1,18.518,48.342,1145.6,112.8,3.0,7.0,7.0,6.2459999999999996,94.05199999999999,1602.4,380.0,14.0,29.0,25.0,0
2024-03-11 03:10:00+00:00,1,18.618000000000002,48.19,1356.2,145.2,3.0,6.0,6.0,6.352,93.88399999999999,1810.0,461.0,16.0,32.0,29.0,0
2024-03-11 03:15:00+00:00,1,18.651999999999997,48.117999999999995,1379.4,148.6,2.0,7.0,7.0,6.378,93.806,1810.0,461.0,17.0,37.0,34.0,0
2024-03-11 03:20:00+00:00,1,18.686,48.059999999999995,1387.2,149.8,1.0,6.0,5.0,6.364,93.47999999999999,1809.6,460.6,18.0,38.0,33.0,0
2024-03-11 03:25:00+00:00,1,18.698,48.024,1404.0,152.0,1.0,6.0,5.0,6.412000000000001,93.402,1809.0,460.0,17.0,35.0,32.0,0
2024-03-11 03:30:00+00:00,1,18.651999999999997,48.03000000000001,1402.2,151.8,1.0,7.0,5.0,6.4239999999999995,93.412,1807.8,458.8,17.0,38.0,31.0,0
2024-03-11 03:35:00+00:00,1,18.552,48.168,1405.8,152.6,1.0,5.0,4.0,6.304,93.50200000000001,1806.0,457.0,16.0,37.0,30.0,0
2024-03-11 03:40:00+00:00,1,18.482000000000003,48.29,1399.4,151.8,0.0,4.0,4.0,6.184,93.744,1806.0,457.0,16.0,35.0,29.0,0
2024-03-11 03:45:00+00:00,1,18.442,48.391999999999996,1408.0,153.0,0.0,3.0,3.0,6.11,94.04199999999999,1806.0,457.0,16.0,33.0,30.0,0
2024-03-11 03:50:00+00:00,1,18.416,48.432,1411.2,153.4,0.0,6.0,5.0,6.074,94.46799999999999,1805.6,456.6,18.0,41.0,35.0,0
2024-03-11 03:55:00+00:00,1,18.4,48.458,1413.6,153.6,1.0,5.0,5.0,6.023999999999999,94.502,1805.0,456.0,16.0,42.0,35.0,0
2024-03-11 04:00:00+00:00,1,18.384,48.507999999999996,1392.4,150.4,1.0,4.0,3.0,6.023999999999999,94.67999999999999,1805.0,456.0,16.0,39.0,32.0,0
2024-03-11 04:05:00+00:00,1,18.374000000000002,48.54,1401.2,152.0,1.0,5.0,4.0,6.042,94.812,1805.0,456.0,16.0,39.0,31.0,0
2024-03-11 04:10:00+00:00,1,18.366000000000003,48.52,1423.2,155.6,2.0,4.0,4.0,6.18,94.50399999999999,1805.0,456.0,16.0,41.0,32.0,0
2024-03-11 04:15:00+00:00,1,18.368000000000002,48.538,1425.0,156.0,1.0,4.0,4.0,6.168,94.22999999999999,1805.0,456.0,16.0,40.0,31.0,0
2024-03-11 04:20:00+00:00,1,18.366000000000003,48.547999999999995,1430.6,156.8,1.0,6.0,6.0,6.144,94.248,1805.0,456.0,15.0,35.0,31.0,0
2024-03-11 04:25:00+00:00,1,18.364,48.55,1453.0,160.0,0.0,4.0,4.0,6.146000000000001,94.388,1805.0,456.0,16.0,37.0,32.0,0
2024-03-11 04:30:00+00:00,1,18.354000000000003,48.588,1454.8,160.2,0.0,5.0,5.0,6.156000000000001,94.31800000000001,1805.0,456.0,16.0,38.0,30.0,0
2024-03-11 04:35:00+00:00,1,18.352,48.56,1454.8,160.2,0.0,4.0,4.0,6.142000000000001,94.092,1805.0,456.0,15.0,36.0,28.0,0
2024-03-11 04:40:00+00:00,1,18.357999999999997,48.548,1465.0,161.6,0.0,5.0,4.0,6.152,93.85799999999999,1805.0,456.0,16.0,33.0,26.0,0
2024-03-11 04:45:00+00:00,1,18.362000000000002,48.553999999999995,1471.6,162.6,0.0,5.0,4.0,6.162000000000001,93.898,1805.0,456.0,16.0,32.0,27.0,0
2024-03-11 04:50:00+00:00,1,18.354,48.568000000000005,1484.2,164.8,0.0,5.0,4.0,6.154,93.816,1805.0,456.0,16.0,34.0,29.0,0
2024-03-11 04:55:00+00:00,1,18.362000000000002,48.564,1487.6,165.4,0.0,5.0,4.0,6.184,93.974,1805.0,456.0,15.0,35.0,29.0,0
2024-03-11 05:00:00+00:00,1,18.36,48.558,1492.6,166.8,0.0,5.0,5.0,6.208,94.024,1805.0,456.0,14.0,37.0,30.0,0
2024-03-11 05:05:00+00:00,1,18.352,48.55800000000001,1495.0,168.0,0.0,6.0,6.0,6.204000000000001,94.03599999999999,1805.0,456.0,16.0,39.0,33.0,0
2024-03-11 05:10:00+00:00,1,18.362000000000002,48.548,1495.8,168.8,0.0,5.0,5.0,6.242,94.162,1805.0,456.0,17.0,41.0,33.0,0
2024-03-11 05:15:00+00:00,1,18.36,48.54600000000001,1497.4,170.0,0.0,3.0,3.0,6.292,93.872,1805.0,456.0,16.0,39.0,32.0,0
2024-03-11 05:20:00+00:00,1,18.358,48.546,1500.2,171.8,0.0,5.0,5.0,6.284000000000001,93.622,1805.0,456.0,17.0,35.0,31.0,0
2024-03-11 05:25:00+00:00,1,18.366000000000003,48.554,1501.4,172.6,1.0,2.0,2.0,6.268,93.60600000000001,1805.0,456.0,18.0,38.0,30.0,0
2024-03-11 05:30:00+00:00,1,18.381999999999998,48.547999999999995,1502.4,173.2,2.0,6.0,4.0,6.232000000000001,93.47999999999999,1805.0,456.0,17.0,36.0,30.0,0
2024-03-11 05:35:00+00:00,1,18.372,48.538,1503.6,173.8,1.0,5.0,4.0,6.2059999999999995,93.724,1805.0,456.0,16.0,34.0,28.0,0
2024-03-11 05:40:00+00:00,1,18.374000000000002,48.541999999999994,1504.4,174.6,0.0,5.0,4.0,6.212000000000001,94.04400000000001,1805.0,456.0,16.0,35.0,30.0,0
2024-03-11 05:45:00+00:00,1,18.368000000000002,48.538,1508.2,177.0,0.0,4.0,4.0,6.226000000000001,94.002,1807.4,458.8,16.0,34.0,28.0,0
2024-03-11 05:50:00+00:00,1,18.376,48.528000000000006,1503.4,176.6,1.0,4.0,3.0,6.2,93.55999999999999,1814.6,468.0,15.0,31.0,26.0,0
2024-03-11 05:55:00+00:00,1,18.37,48.538,1496.2,173.6,1.0,4.0,4.0,6.22,94.04799999999999,1817.0,471.4,16.0,32.0,30.0,0
2024-03-11 06:00:00+00:00,1,18.381999999999998,48.534000000000006,1506.0,175.6,0.0,3.0,3.0,6.282,94.116,1835.2,495.4,16.0,31.0,29.0,0
2024-03-11 06:05:00+00:00,1,18.378000000000004,48.538000000000004,1520.0,185.0,0.0,3.0,3.0,6.286,94.16399999999999,1842.8,505.4,16.0,33.0,27.0,0
2024-03-11 06:10:00+00:00,1,18.369999999999997,48.540000000000006,1517.6,183.2,0.0,4.0,3.0,6.246,94.218,1828.2,485.8,15.0,33.0,28.0,0
2024-03-11 06:15:00+00:00,1,18.386000000000003,48.532,1521.0,185.6,0.0,4.0,4.0,6.2540000000000004,94.35400000000001,1826.2,483.4,16.0,35.0,32.0,0
2024-03-11 06:20:00+00:00,1,18.376,48.519999999999996,1522.4,186.6,0.0,3.0,3.0,6.258,94.40599999999999,1815.6,469.2,17.0,37.0,32.0,0
2024-03-11 06:25:00+00:00,1,18.378000000000004,48.532,1524.2,187.6,0.0,3.0,3.0,6.288,94.39800000000001,1819.4,474.4,15.0,32.0,29.0,0
2024-03-11 06:30:00+00:00,1,18.39,48.524,1525.0,188.0,0.0,4.0,4.0,6.3420000000000005,94.504,1808.6,460.8,16.0,34.0,29.0,0
2024-03-11 06:35:00+00:00,1,18.386000000000003,48.504000000000005,1526.2,189.0,0.0,3.0,3.0,6.3825,94.4525,1805.0,456.0,16.0,32.0,28.0,0
2024-03-11 06:40:00+00:00,1,18.412,48.492000000000004,1529.8,192.0,1.0,5.0,4.0,6.390000000000001,94.1575,1805.5,456.5,17.0,35.0,32.0,0
2024-03-11 06:45:00+00:00,1,18.412,48.501999999999995,1529.0,191.2,2.0,4.0,3.0,6.35,94.00399999999999,1805.0,456.0,17.0,38.0,32.0,0
2024-03-11 06:50:00+00:00,1,18.432,48.501999999999995,1531.0,192.6,1.0,4.0,3.0,6.380000000000001,94.232,1805.0,456.0,18.0,42.0,33.0,0
2024-03-11 06:55:00+00:00,1,18.454,48.518,1535.4,195.8,1.0,5.0,4.0,6.4239999999999995,94.19999999999999,1806.2,457.2,18.0,39.0,33.0,0
2024-03-11 07:00:00+00:00,1,18.458,48.513999999999996,1537.6,197.4,0.0,3.0,3.0,6.475999999999999,94.172,1805.0,456.0,17.0,37.0,33.0,0
2024-03-11 07:05:00+00:00,1,18.479999999999997,48.486000000000004,1540.0,199.0,0.0,4.0,4.0,6.524000000000001,94.136,1805.0,456.0,17.0,36.0,34.0,0
2024-03-11 07:10:00+00:00,1,18.496000000000002,48.48800000000001,1543.6,202.0,0.0,4.0,4.0,6.566,93.93799999999999,1805.0,456.0,18.0,40.0,37.0,0
2024-03-11 07:15:00+00:00,1,18.508000000000003,48.486000000000004,1543.2,201.8,0.0,4.0,3.0,6.622,93.816,1805.0,456.0,18.0,46.0,39.0,0
2024-03-11 07:20:00+00:00,1,18.516,48.444,1546.4,204.6,0.0,3.0,3.0,6.622,93.45,1805.0,456.0,18.0,50.0,40.0,0
2024-03-11 07:25:00+00:00,1,18.544,48.45,1551.0,207.8,0.0,2.0,2.0,6.595999999999999,93.458,1805.0,456.0,20.0,46.0,41.0,0
2024-03-11 07:30:00+00:00,1,18.554000000000002,48.448,1554.2,209.8,0.0,2.0,1.0,6.609999999999999,93.612,1805.0,456.0,22.0,48.0,42.0,0
2024-03-11 07:35:00+00:00,1,18.576,48.434000000000005,1555.4,210.6,0.0,3.0,2.0,6.648000000000001,93.506,1805.0,456.0,20.0,50.0,41.0,0
2024-03-11 07:40:00+00:00,1,18.588,48.424,1556.0,211.0,0.0,3.0,2.0,6.696000000000001,93.382,1805.0,456.0,21.0,51.0,42.0,0
2024-03-11 07:45:00+00:00,1,18.602,48.404,1551.0,207.4,0.0,3.0,3.0,6.752,93.234,1805.0,456.0,21.0,49.0,40.0,0
2024-03-11 07:50:00+00:00,1,18.624000000000002,48.382,1550.6,207.6,0.0,3.0,3.0,6.803999999999999,93.026,1805.0,456.0,21.0,51.0,41.0,0
2024-03-11 07:55:00+00:00,1,18.642,48.382,1562.4,216.6,0.0,3.0,2.0,6.818,92.628,1805.0,456.0,21.0,48.0,39.0,0
2024-03-11 08:00:00+00:00,1,18.651999999999997,48.358,1563.0,217.0,0.0,3.0,3.0,6.8340000000000005,92.512,1805.0,456.0,22.0,47.0,38.0,0
2024-03-11 08:05:00+00:00,1,18.662,48.342,1566.0,218.8,0.0,3.0,3.0,6.8420000000000005,92.30600000000001,1805.0,456.0,21.0,46.0,39.0,0
2024-03-11 08:10:00+00:00,1,18.686,48.315999999999995,1568.6,220.4,0.0,3.0,1.0,6.8759999999999994,92.396,1805.0,456.0,21.0,49.0,38.0,0
2024-03-11 08:15:00+00:00,1,18.729999999999997,48.288,1571.0,222.0,0.0,4.0,3.0,6.934,92.22,1805.0,456.0,22.0,50.0,40.0,0
2024-03-11 08:20:00+00:00,1,18.78,48.326,1573.4,224.0,0.0,2.0,2.0,6.956,92.09200000000001,1805.0,456.0,22.0,49.0,40.0,0
2024-03-11 08:25:00+00:00,1,18.81,48.33,1576.4,226.2,0.0,3.0,3.0,7.002,92.398,1805.0,456.0,22.0,48.0,39.0,0
2024-03-11 08:30:00+00:00,1,18.864,48.538,1574.4,224.6,0.0,2.0,2.0,6.998,92.15599999999999,1805.0,456.0,23.0,49.0,41.0,0
2024-03-11 08:35:00+00:00,1,18.9,49.212,1578.8,227.8,0.0,2.0,2.0,7.004,92.15199999999999,1805.0,456.0,23.0,52.0,44.0,0
2024-03-11 08:40:00+00:00,1,18.978,49.326,1592.2,238.4,0.0,2.0,1.0,7.056,92.23600000000002,1805.0,456.0,21.0,49.0,40.0,0
2024-03-11 08:45:00+00:00,1,19.048,49.272000000000006,1600.4,246.4,0.0,4.0,3.0,7.13,91.97999999999999,1805.0,456.0,20.0,50.0,41.0,0
2024-03-11 08:50:00+00:00,1,19.145999999999997,49.20399999999999,1608.4,253.8,0.0,4.0,3.0,7.258,91.612,1805.0,456.0,20.0,48.0,40.0,0
2024-03-11 08:55:00+00:00,1,19.226,49.312,1602.8,249.0,0.0,4.0,2.0,7.3575,91.1825,1805.0,456.0,19.0,48.0,40.0,0
2024-03-11 09:00:00+00:00,1,19.302,49.471999999999994,1582.2,231.0,0.0,4.0,2.0,7.426,91.056,1805.0,456.0,20.0,44.0,39.0,0
2024-03-11 09:05:00+00:00,1,19.378,49.480000000000004,1606.2,251.4,0.0,3.0,3.0,7.434,90.89200000000001,1805.0,456.0,20.0,54.0,41.0,0
2024-03-11 09:10:00+00:00,1,19.485999999999997,49.418,1615.8,259.8,0.0,3.0,3.0,7.502,90.704,1805.0,456.0,19.0,49.0,38.0,0
2024-03-11 09:15:00+00:00,1,19.5675,49.29,1621.75,265.0,0.0,2.0,2.0,7.6819999999999995,90.422,1805.0,456.0,18.0,46.0,37.0,0
2024-03-11 09:20:00+00:00,1,19.662,49.128,1627.0,269.8,0.0,3.0,3.0,7.85,89.72200000000001,1805.0,456.0,19.0,49.0,39.0,0
2024-03-11 09:25:00+00:00,1,19.729999999999997,49.114000000000004,1631.2,273.4,0.0,4.0,3.0,7.948,89.03999999999999,1805.0,456.0,21.0,52.0,40.0,0
2024-03-11 09:30:00+00:00,1,19.772000000000002,49.176,1610.0,254.2,0.0,4.0,3.0,8.028,89.066,1810.8,463.2,23.0,53.0,43.0,0
2024-03-11 09:35:00+00:00,1,19.836,48.914,1613.4,257.4,0.0,3.0,3.0,8.144000000000002,88.126,1810.8,463.2,22.0,53.0,44.0,0
2024-03-11 09:40:00+00:00,1,19.886,49.136,1619.2,262.4,0.0,4.0,4.0,8.232000000000001,87.522,1822.2,478.0,21.0,45.0,39.0,0
2024-03-11 09:50:00+00:00,1,20.008,49.077999999999996,1640.2,281.4,0.0,3.0,2.0,8.346,87.28399999999999,1830.2,489.2,22.0,46.0,38.0,0
2024-03-11 09:55:00+00:00,1,20.064,49.04600000000001,1645.2,285.8,0.0,4.0,3.0,8.413999999999998,87.256,1852.0,518.4,20.0,45.0,38.0,0
2024-03-11 10:00:00+00:00,1,20.148,49.06,1656.2,294.8,0.0,4.0,3.0,8.434000000000001,87.088,1854.2,521.2,20.0,42.0,36.0,0
2024-03-11 10:05:00+00:00,1,20.224,48.848,1656.2,296.2,0.0,3.0,2.0,8.53,86.922,1855.4,524.0,21.0,46.0,38.0,0
2024-03-11 10:10:00+00:00,1,20.259999999999998,48.763999999999996,1643.6,284.4,0.0,3.0,1.0,8.580000000000002,86.47999999999999,1861.4,531.0,21.0,50.0,42.0,0
2024-03-11 10:15:00+00:00,1,20.297999999999995,48.704,1651.6,291.2,0.0,3.0,1.0,8.59,86.174,1874.6,548.6,21.0,52.0,42.0,0
2024-03-11 10:20:00+00:00,1,20.323999999999998,48.614,1655.4,294.2,0.0,4.0,3.0,8.58,86.1375,1865.25,536.75,22.0,53.0,43.0,0
2024-03-11 10:25:00+00:00,1,20.364,48.516,1656.6,295.4,0.0,4.0,4.0,8.568000000000001,85.99600000000001,1874.4,549.6,22.0,53.0,42.0,0
2024-03-11 10:30:00+00:00,1,20.364,48.558,1648.8,288.2,0.0,2.0,2.0,8.602,86.474,1867.4,539.8,22.0,53.0,42.0,0
2024-03-11 10:35:00+00:00,1,20.388,48.574,1656.2,295.0,0.0,3.0,2.0,8.642,86.444,1891.2,573.2,21.0,53.0,41.0,0
2024-03-11 10:40:00+00:00,1,20.374,48.641999999999996,1665.6,304.2,0.0,2.0,2.0,8.682,86.30999999999999,1897.8,583.2,21.0,51.0,42.0,0
2024-03-11 10:45:00+00:00,1,20.368000000000002,48.581999999999994,1671.8,310.6,0.0,3.0,2.0,8.75,86.494,1921.4,617.8,22.0,49.0,39.0,0
2024-03-11 10:50:00+00:00,1,20.396,48.572,1677.0,316.0,0.0,3.0,2.0,8.758000000000001,85.972,1896.6,581.6,20.0,48.0,40.0,0
2024-03-11 10:55:00+00:00,1,20.404,48.644,1676.0,314.6,0.0,4.0,3.0,8.766,84.932,1900.8,586.4,22.0,47.0,41.0,0
2024-03-11 11:00:00+00:00,1,20.418,48.80400000000001,1677.4,316.2,0.0,3.0,3.0,8.85,85.63399999999999,1898.8,583.4,23.0,50.0,42.0,0
2024-03-11 11:05:00+00:00,1,20.418,48.958,1685.2,324.2,0.0,4.0,3.0,9.36,84.738,1927.6,628.6,22.0,50.0,41.0,0
2024-03-11 11:10:00+00:00,1,20.424,48.879999999999995,1689.8,328.8,0.0,3.0,3.0,10.026,82.436,1999.6,746.0,24.0,49.0,44.0,0
2024-03-11 11:15:00+00:00,1,20.442,49.162,1700.6,339.8,0.0,3.0,3.0,10.370000000000001,80.54400000000001,1980.8,715.2,23.0,47.0,44.0,0
2024-03-11 11:20:00+00:00,1,20.467999999999996,49.25599999999999,1704.2,343.8,0.0,3.0,3.0,10.56,79.11000000000001,1956.6,674.6,21.0,43.0,40.0,0
2024-03-11 11:25:00+00:00,1,20.532,49.176,1716.0,354.0,0.0,3.0,3.0,10.620000000000001,79.315,1975.25,704.25,22.0,47.0,43.0,0
2024-03-11 11:30:00+00:00,1,20.582,49.086,1723.2,360.6,0.0,5.0,3.0,10.656,79.75999999999999,1995.8,739.4,21.0,49.0,42.0,0
2024-03-11 11:35:00+00:00,1,20.622,49.006,1720.8,357.8,0.0,4.0,3.0,10.648,79.73599999999999,2012.6,770.2,22.0,49.0,41.0,0
2024-03-11 11:40:00+00:00,1,20.654000000000003,48.942,1730.2,370.0,0.0,4.0,3.0,10.556000000000001,79.816,2017.6,779.2,23.0,47.0,41.0,0
2024-03-11 11:45:00+00:00,1,20.708000000000006,48.812,1742.0,382.6,0.0,3.0,3.0,10.412,79.614,2018.4,780.4,24.0,45.0,41.0,0
2024-03-11 11:50:00+00:00,1,20.732000000000003,48.69199999999999,1741.8,381.8,0.0,3.0,3.0,10.302000000000001,79.674,2013.0,770.4,23.0,48.0,41.0,0
2024-03-11 11:55:00+00:00,1,20.747999999999998,48.702,1734.8,374.0,0.0,3.0,3.0,10.156,80.334,2056.4,842.2,21.0,48.0,40.0,0
2024-03-11 12:00:00+00:00,1,20.766,48.748000000000005,1706.2,344.6,0.0,5.0,3.0,9.972,80.69800000000001,2080.8,883.8,22.0,50.0,40.0,0
2024-03-11 12:05:00+00:00,1,20.796,48.669999999999995,1710.0,348.6,0.0,4.0,3.0,9.75,81.16,2074.4,869.2,22.0,49.0,41.0,0
2024-03-11 12:10:00+00:00,1,20.808,48.501999999999995,1708.0,347.0,0.0,3.0,3.0,9.52,81.846,2066.4,856.2,21.0,47.0,41.0,0
2024-03-11 12:15:00+00:00,1,20.794,48.44,1706.6,345.6,0.0,3.0,3.0,9.376,82.45,2067.2,856.8,20.0,49.0,43.0,0
2024-03-11 12:20:00+00:00,1,20.808,48.372,1707.8,346.0,0.0,4.0,4.0,9.242,82.77000000000001,2024.2,786.8,19.0,50.0,41.0,0
2024-03-11 12:25:00+00:00,1,20.81,48.5,1705.4,343.8,0.0,4.0,4.0,9.122,83.10600000000001,1978.4,709.2,21.0,51.0,38.0,0
2024-03-11 12:30:00+00:00,1,20.812,48.476,1720.6,358.0,0.0,5.0,4.0,9.085999999999999,83.508,1972.0,698.4,21.0,47.0,39.0,0
2024-03-11 12:35:00+00:00,1,20.802,48.426,1708.0,347.0,0.0,4.0,3.0,9.117999999999999,83.32199999999999,1979.0,710.8,21.0,50.0,40.0,0
2024-03-11 12:40:00+00:00,1,20.794,48.458000000000006,1709.0,347.8,0.0,6.0,6.0,9.02,83.23666666666666,1964.6666666666667,685.6666666666666,20.0,50.0,40.0,0
2024-03-11 12:45:00+00:00,1,20.759999999999998,48.486000000000004,1709.0,347.8,0.0,5.0,5.0,8.864,83.358,1960.4,680.8,22.0,50.0,41.0,0
2024-03-11 12:50:00+00:00,1,20.737999999999996,48.486000000000004,1752.0,393.8,0.0,5.0,5.0,8.728,83.656,1965.4,687.6,22.0,47.0,39.0,0
2024-03-11 12:55:00+00:00,1,20.740000000000002,48.536,1750.4,391.6,0.0,4.0,4.0,8.514000000000001,84.228,1949.2,662.2,21.0,47.0,41.0,0
2024-03-11 13:00:00+00:00,1,20.72,48.616,1742.6,383.0,0.0,3.0,3.0,8.471999999999998,84.88799999999999,1949.4,662.2,20.0,43.0,38.0,0
2024-03-11 13:05:00+00:00,1,20.695999999999998,48.722,1760.0,402.8,0.0,4.0,4.0,8.462,85.058,1947.4,658.2,19.0,41.0,36.0,0
2024-03-11 13:10:00+00:00,1,20.706000000000003,48.910000000000004,1761.8,405.2,0.0,4.0,4.0,8.552,85.67,1961.8,681.8,19.0,43.0,36.0,0
2024-03-11 13:15:00+00:00,1,20.714000000000002,48.824,1770.0,414.0,0.0,4.0,4.0,8.681999999999999,85.9,1979.8,711.2,20.0,44.0,38.0,0
2024-03-11 13:20:00+00:00,1,20.695999999999998,48.773999999999994,1770.8,415.4,0.0,4.0,3.0,8.798,85.98599999999999,1959.4,677.8,21.0,49.0,40.0,0
2024-03-11 13:30:00+00:00,1,20.692,48.704,1767.2,411.6,0.0,3.0,3.0,9.014,85.172,1966.0,688.4,21.0,51.0,41.0,0
2024-03-11 13:35:00+00:00,1,20.702,48.688,1778.4,426.2,0.0,5.0,3.0,9.174,84.626,1980.6,713.4,20.0,46.0,40.0,0
2024-03-11 13:40:00+00:00,1,20.708,48.88,1775.8,422.2,0.0,4.0,4.0,9.518,84.024,2049.0,825.4,21.0,46.0,40.0,0
2024-03-11 13:45:00+00:00,1,20.747999999999998,49.162,1788.2,436.8,0.0,3.0,3.0,9.654,82.63399999999999,2062.6,850.2,21.0,46.0,41.0,0
2024-03-11 13:50:00+00:00,1,20.7875,49.214999999999996,1778.5,425.5,0.0,4.0,3.0,9.572,81.77199999999999,2076.4,874.6,23.0,48.0,41.0,0
2024-03-11 13:55:00+00:00,1,20.826,49.410000000000004,1782.2,429.8,0.0,4.0,3.0,9.53,82.07399999999998,2078.0,877.6,22.0,47.0,41.0,0
2024-03-11 14:00:00+00:00,1,20.874,49.410000000000004,1802.6,453.2,0.0,6.0,6.0,9.56,82.23400000000001,2093.6,908.8,22.0,46.0,39.0,0
2024-03-11 14:05:00+00:00,1,20.918,49.362,1797.4,447.2,0.0,5.0,4.0,9.67,82.22999999999999,2113.6,950.8,20.0,44.0,36.0,0
2024-03-11 14:10:00+00:00,1,20.95,49.308,1806.6,457.8,0.0,4.0,3.0,9.54,81.08599999999998,2107.2,936.2,21.0,43.0,36.0,0
2024-03-11 14:15:00+00:00,1,20.982000000000003,49.331999999999994,1803.2,453.8,0.0,4.0,4.0,9.318000000000001,82.13,2105.2,934.0,20.0,41.0,38.0,0
2024-03-11 14:20:00+00:00,1,21.01,49.206,1810.4,462.8,0.0,6.0,5.0,9.092,83.102,2048.8,827.4,20.0,46.0,38.0,0
2024-03-11 14:25:00+00:00,1,21.05,49.216,1811.2,464.0,0.0,5.0,5.0,8.914,83.858,2056.8,839.0,21.0,45.0,37.0,0
2024-03-11 14:30:00+00:00,1,21.089999999999996,49.19199999999999,1810.2,462.0,0.0,4.0,4.0,8.632,84.49199999999999,2039.8,811.4,20.0,42.0,36.0,0
2024-03-11 14:35:00+00:00,1,21.124000000000002,49.156,1794.4,442.4,0.0,5.0,5.0,8.497499999999999,85.75,2047.0,823.75,22.0,44.0,36.0,0
2024-03-11 14:40:00+00:00,1,21.166000000000004,49.108000000000004,1813.0,465.8,0.0,5.0,4.0,8.538,85.96600000000001,2029.4,800.2,21.0,44.0,35.0,0
2024-03-11 14:45:00+00:00,1,21.216,48.992,1806.6,457.0,0.0,5.0,3.0,8.87,85.55,2047.2,822.6,20.0,44.0,35.0,0
2024-03-11 14:50:00+00:00,1,21.268,48.866,1772.0,416.6,0.0,5.0,5.0,9.331999999999999,84.05799999999999,2064.0,857.0,18.0,40.0,33.0,0
2024-03-11 14:55:00+00:00,1,21.302,48.79599999999999,1750.8,391.6,0.0,5.0,5.0,9.873999999999999,82.36,2127.2,979.6,20.0,44.0,37.0,0
2024-03-11 15:00:00+00:00,1,21.32,48.816,1752.6,393.8,0.0,7.0,4.0,9.9625,82.06,2156.0,1042.0,19.0,41.0,34.0,0
2024-03-11 15:05:00+00:00,1,21.368000000000002,48.908,1748.0,388.0,0.0,7.0,5.0,10.342,81.196,2145.6,1020.6,23.0,50.0,45.0,0
2024-03-11 15:10:00+00:00,1,21.4,48.922,1747.0,387.4,0.0,6.0,5.0,10.62,79.47200000000001,2146.0,1020.4,22.0,47.0,42.0,0
2024-03-11 15:15:00+00:00,1,21.439999999999998,48.788,1761.0,404.0,0.0,7.0,5.0,10.838,79.53599999999999,2150.4,1030.0,21.0,43.0,37.0,0
2024-03-11 15:20:00+00:00,1,21.44,48.794000000000004,1757.6,399.2,1.0,8.0,6.0,11.292000000000002,77.78999999999999,2133.2,991.4,21.0,39.0,36.0,0
2024-03-11 15:25:00+00:00,1,21.49,48.866,1758.4,400.4,1.0,7.0,6.0,11.780000000000001,77.03,2120.4,964.0,21.0,40.0,37.0,0
2024-03-11 15:30:00+00:00,1,21.534,48.873999999999995,1761.0,404.0,1.0,6.0,5.0,12.854,74.532,2077.2,878.6,21.0,43.0,37.0,0
2024-03-11 15:35:00+00:00,1,21.582,48.862,1755.8,397.6,2.0,6.0,5.0,14.174000000000001,71.082,2039.6,813.4,20.0,40.0,36.0,0
2024-03-11 15:40:00+00:00,1,21.631999999999998,48.794000000000004,1756.8,398.4,2.0,6.0,6.0,15.794,67.274,1988.6,726.6,19.0,40.0,35.0,0
2024-03-11 15:45:00+00:00,1,21.686,48.734,1762.8,405.8,1.0,6.0,5.0,16.552500000000002,61.8075,2008.0,759.5,20.0,39.0,34.0,0
