,Window State,iTemperature,iHumidity,ieCO2,iTVOC,iPM1.0,iPM10,iPM2.5,oTemperature,oHumidity,oeCO2,oTVOC,oPM1.0,oPM10,oPM2.5,Target
0,0,16.84,64.71,2766.38,237.81,22.1,48.8,43.0,3.63,61.83,1876.46,74.84,3.3,39.7,1.9,1
1,0,25.71,50.48,2515.34,113.59,33.6,59.9,45.0,-7.1,89.86,1299.11,276.54,7.1,35.1,7.0,1
2,0,24.19,52.66,2361.53,589.93,10.9,46.5,35.2,-1.4,45.02,718.85,155.03,5.0,36.9,1.8,1
3,0,24.16,61.27,829.45,319.16,12.8,53.3,47.4,12.82,34.48,2088.64,37.77,2.8,9.7,14.7,1
4,0,27.41,43.33,1547.28,311.12,46.2,25.4,40.5,15.95,83.19,959.45,206.88,9.3,18.8,7.1,1
5,0,24.32,44.84,326.22,397.78,45.4,76.4,46.4,19.46,66.26,521.83,52.22,2.4,2.3,6.1,1
6,0,27.92,33.65,1969.63,523.23,33.0,6.2,28.4,19.27,78.34,449.07,306.68,7.2,17.3,4.0,1
7,0,18.55,35.97,2013.01,569.73,49.0,77.5,37.4,24.76,32.22,2117.18,248.96,5.9,49.2,7.1,1
8,0,24.62,35.64,2194.84,342.45,25.4,11.4,27.3,26.03,48.93,1628.58,333.47,2.6,42.3,4.0,1
9,0,16.24,42.44,2813.15,408.4,27.0,32.7,30.2,1.41,71.11,650.22,389.63,8.1,10.2,6.9,1
10,0,28.19,41.8,559.12,439.56,28.5,21.3,40.8,6.73,52.51,1990.34,295.84,8.7,42.1,7.5,1
11,0,19.0,47.95,1709.45,842.48,49.9,90.2,36.1,-6.0,86.12,1280.39,210.03,2.6,34.5,12.6,1
12,0,18.06,46.95,770.98,407.29,39.5,45.3,35.2,-9.2,43.65,739.22,321.33,8.0,7.6,9.3,1
13,0,26.72,44.02,1010.82,466.55,10.7,18.1,25.6,7.15,51.55,525.07,148.58,6.8,18.1,3.4,1
14,0,19.3,38.17,877.51,783.28,13.0,47.8,26.4,12.97,51.16,1583.88,263.27,8.3,14.6,11.1,1
15,0,22.54,38.61,1031.74,608.88,40.5,38.6,39.9,-5.27,38.39,952.75,61.91,7.9,20.8,13.1,1
16,0,29.5,31.38,489.06,576.3,49.7,77.4,19.2,22.38,53.05,1588.41,147.32,7.8,21.5,2.4,1
17,0,26.84,51.64,1473.07,110.33,13.0,49.7,22.5,-4.22,62.66,1416.92,168.45,3.3,46.3,12.6,1
18,0,20.59,34.09,724.75,358.57,26.0,92.3,15.8,-8.25,34.41,1429.48,268.46,4.0,14.0,11.6,1
19,0,28.87,51.74,2529.16,187.85,35.3,91.4,45.2,2.05,42.21,1523.55,428.08,5.1,15.8,1.4,1
20,0,16.03,43.03,1606.32,955.36,33.8,93.3,19.9,22.99,55.14,635.31,182.15,9.4,9.4,9.9,1
21,0,22.01,64.11,2523.69,829.65,32.3,71.3,39.7,7.02,80.89,1065.89,380.2,3.8,13.9,0.0,1
22,0,27.79,68.04,2635.22,948.09,31.6,87.7,22.2,16.48,88.56,1344.5,37.55,6.2,47.8,0.6,1
23,0,26.64,31.56,2937.05,181.51,42.0,82.0,22.3,0.53,60.27,2199.06,398.66,3.6,8.0,12.7,1
24,0,29.1,59.58,965.68,776.85,22.2,94.0,38.1,10.62,69.01,492.9,295.11,4.9,39.5,4.7,1
25,0,18.64,39.01,2188.33,871.27,47.1,74.2,26.8,-2.5,39.06,1001.76,121.99,6.7,27.3,14.6,1
26,0,16.82,61.54,657.43,497.18,21.9,5.7,47.4,-5.01,50.77,954.27,65.04,5.6,34.1,6.1,1
27,0,26.88,52.53,2278.35,402.93,30.6,95.2,18.9,-1.74,78.23,1626.71,157.46,3.2,41.7,8.4,1
28,0,29.82,50.61,640.02,138.08,43.1,83.4,30.7,29.24,43.16,1960.41,137.33,7.3,2.2,9.8,1
29,0,24.41,65.1,1131.85,519.64,10.2,1.7,15.9,17.49,53.02,856.98,469.44,8.3,45.8,8.6,1
30,0,26.71,41.14,276.43,742.09,23.3,97.7,48.2,12.06,86.54,642.87,218.96,5.3,35.7,11.8,1
31,0,27.35,31.83,1383.57,339.81,18.3,40.0,28.4,7.47,32.51,1083.36,181.2,6.6,2.7,12.6,1
32,0,22.99,38.98,2247.09,564.94,23.7,68.5,29.1,25.6,46.51,1000.85,367.11,6.0,11.3,4.7,1
33,0,17.8,52.35,689.49,733.09,36.7,91.9,26.3,-8.44,85.69,1932.32,187.63,8.5,19.3,8.7,1
34,0,27.93,60.28,2929.59,202.35,40.2,76.4,15.9,2.42,70.83,540.56,68.48,2.9,7.3,14.7,1
35,0,29.04,65.24,1328.23,971.86,20.2,15.5,38.4,0.02,58.1,1859.41,352.82,2.9,29.1,7.2,1
36,0,21.32,46.67,1617.82,759.52,12.5,89.9,15.5,23.5,39.74,1929.54,31.84,9.2,49.9,5.3,1
37,0,21.08,41.94,2413.08,412.89,29.3,79.2,24.6,6.1,83.13,1219.83,283.81,5.3,14.5,5.2,1
38,0,25.14,35.63,2277.03,685.49,10.7,55.9,34.3,18.38,53.96,423.32,447.53,3.3,48.3,3.6,1
39,0,17.54,46.41,1733.24,876.55,16.6,26.1,48.0,-1.48,32.95,1481.56,298.74,1.5,15.8,5.4,1
40,0,16.08,46.22,2650.71,425.07,23.9,37.2,44.5,13.2,84.78,711.73,54.64,1.9,20.6,5.2,1
41,0,25.52,31.41,1706.29,792.08,28.8,43.1,27.1,8.07,34.1,1547.03,333.95,1.2,34.4,11.3,1
42,0,17.59,53.77,1611.21,960.1,28.2,37.4,19.9,29.73,58.58,1712.36,250.86,4.1,16.3,14.9,1
43,0,17.5,59.18,2842.26,698.18,15.6,53.6,48.9,-6.28,87.56,1856.39,177.45,4.1,17.9,7.1,1
44,0,28.26,60.6,2350.04,406.96,38.9,52.1,38.9,16.09,49.19,585.14,377.79,3.9,7.3,9.1,1
45,0,15.9,40.27,249.9,400.68,16.0,34.5,15.1,-0.69,66.55,1588.66,106.72,1.9,31.6,4.6,1
46,0,24.99,39.73,2347.9,291.08,39.1,88.4,15.3,24.28,69.03,1746.99,476.83,4.1,28.0,11.1,1
47,0,21.38,41.42,1975.05,129.3,27.9,80.0,45.4,2.51,59.65,1832.57,255.1,0.7,40.0,8.8,1
48,0,20.49,66.33,2652.65,617.31,16.2,85.1,37.0,28.89,68.87,768.75,337.68,7.6,25.9,13.0,1
49,0,23.71,42.41,1248.18,199.6,48.4,32.3,49.6,8.46,66.41,511.94,42.49,4.8,37.0,3.6,1
50,0,16.78,55.83,2769.01,620.27,22.0,93.3,43.6,21.38,78.05,1316.27,329.19,8.5,35.4,2.0,1
51,0,20.21,30.66,1544.21,435.06,18.1,69.3,47.8,24.18,48.0,697.43,145.84,4.8,42.5,7.9,1
52,0,22.89,52.63,636.88,884.12,45.4,48.7,35.1,12.2,88.17,1464.66,480.1,6.2,45.5,8.1,1
53,0,19.53,55.25,1269.87,917.17,47.0,67.1,46.9,29.51,82.61,1591.46,343.24,3.7,47.3,6.2,1
54,0,20.57,63.32,1193.56,291.75,22.1,12.6,20.1,-4.33,88.97,630.75,26.65,6.1,14.5,14.1,1
55,0,21.86,31.41,645.51,179.6,28.9,14.7,40.5,-7.9,69.52,978.88,146.2,1.9,41.3,9.4,1
56,0,24.47,63.49,2110.71,261.86,33.9,38.0,35.2,7.22,36.69,2016.45,182.91,8.8,1.6,12.6,1
57,0,22.46,65.19,1853.63,296.25,40.1,99.2,21.0,-9.53,68.19,1213.14,389.86,0.9,6.5,1.6,1
58,0,24.38,62.91,1844.99,867.99,10.4,75.2,28.4,5.42,67.23,773.57,435.77,0.1,35.7,8.1,1
59,0,17.47,43.1,1027.53,193.29,17.6,70.1,47.9,17.49,86.98,1922.46,116.52,1.3,26.6,12.2,1
60,0,23.91,65.88,553.29,293.57,14.7,32.8,37.0,21.38,39.86,1916.28,35.7,3.8,9.1,3.6,1
61,0,17.73,56.82,2989.81,499.54,11.8,30.7,33.6,-5.16,41.66,1953.66,9.54,4.4,6.7,10.3,1
62,0,20.51,50.35,1837.25,719.62,18.2,97.0,25.8,5.9,80.9,965.17,102.5,5.0,28.3,0.3,1
63,0,20.17,47.38,1658.14,820.69,19.9,86.6,32.7,-8.96,67.47,1811.39,441.35,8.4,14.2,9.0,1
64,0,29.3,65.15,2578.1,788.87,26.8,93.1,19.5,19.92,56.37,1731.42,140.78,4.8,27.9,6.1,1
65,0,25.05,39.65,1535.97,267.82,35.6,55.5,46.7,20.34,37.72,803.45,438.54,9.5,32.4,13.1,1
66,0,19.83,48.86,1828.33,920.56,15.4,81.9,21.5,14.16,75.07,590.55,186.42,6.6,23.6,14.1,1
67,0,22.41,51.47,530.94,112.8,29.8,51.0,38.5,0.58,58.54,446.92,138.03,6.2,3.0,12.1,1
68,0,15.42,46.12,1661.59,550.54,21.2,34.9,21.4,8.22,37.85,1494.94,466.34,1.6,3.6,9.4,1
69,0,29.79,57.79,836.28,685.78,19.2,61.0,47.6,1.57,51.14,1960.05,250.83,4.2,10.5,10.0,1
70,0,23.73,69.16,649.8,667.77,37.2,60.4,16.3,15.35,36.73,1704.82,216.78,5.0,42.4,8.8,1
71,0,24.74,37.87,1935.69,113.08,32.6,88.9,16.6,3.93,58.46,1916.02,178.05,1.5,0.5,11.3,1
72,0,17.88,68.11,2872.09,313.61,25.0,37.9,34.3,-1.21,30.39,1079.07,476.06,9.0,18.9,6.2,1
73,0,25.19,63.15,2328.38,826.38,21.8,32.7,29.9,2.08,72.45,459.81,386.77,9.3,47.1,0.4,1
74,0,18.13,58.16,360.06,772.3,41.8,52.8,40.3,-1.94,70.98,1178.57,449.04,7.3,0.7,7.7,1
75,0,24.46,56.39,1203.78,185.3,33.5,41.3,15.1,-5.37,65.44,557.06,414.38,5.8,35.3,12.7,1
76,0,24.47,34.03,1801.61,567.43,34.6,88.2,32.7,-1.33,61.89,556.6,62.5,1.3,32.7,13.3,1
77,0,18.12,62.38,2396.66,881.36,46.2,93.6,23.4,19.11,45.19,498.54,160.8,8.2,27.1,9.8,1
78,0,19.59,57.26,1720.79,146.26,41.5,79.2,29.4,-4.03,53.06,598.05,403.01,5.7,23.4,2.1,1
79,0,29.82,52.46,2591.49,222.46,34.2,96.5,34.9,29.58,62.34,707.04,60.39,3.7,48.0,3.6,1
80,0,26.92,59.74,674.42,677.04,32.3,30.3,41.3,16.22,45.57,1180.38,132.44,3.1,46.4,6.2,1
81,0,15.72,61.91,670.96,233.99,42.5,12.9,25.9,5.96,56.71,409.28,115.92,7.9,48.9,10.9,1
82,0,24.49,39.45,2840.79,382.11,49.1,19.4,43.6,27.06,41.69,2085.98,415.25,1.2,26.2,9.9,1
83,0,24.41,33.9,581.48,312.31,40.2,10.6,49.8,10.39,84.47,1137.18,229.5,6.6,1.4,11.6,1
84,0,15.61,30.59,2259.84,341.01,30.1,6.1,49.2,25.95,82.2,1210.14,402.97,6.1,34.6,11.9,1
85,0,28.96,55.09,1803.26,551.79,25.2,5.1,29.7,25.65,74.0,881.4,158.59,4.9,15.6,0.2,1
86,0,23.97,39.63,2919.06,562.28,20.6,11.0,49.9,11.19,59.1,2114.79,338.55,2.9,27.7,4.1,1
87,0,29.33,46.78,264.53,730.3,40.0,40.2,17.2,19.81,37.5,1366.1,48.29,4.2,40.4,4.0,1
88,0,26.85,36.23,488.5,761.04,39.6,61.4,19.7,22.16,36.56,1599.5,233.97,9.1,11.1,7.1,1
89,0,20.34,63.67,2851.91,107.02,47.2,9.8,43.6,-5.55,39.99,878.27,308.3,0.1,25.8,8.7,1
90,0,16.94,32.16,699.75,761.58,44.7,44.2,19.3,22.03,77.72,1391.69,246.79,5.7,33.8,4.1,1
91,0,19.04,43.52,1797.97,429.32,23.5,63.8,21.7,21.81,72.56,1587.79,112.0,1.7,13.1,4.7,1
92,0,26.96,46.46,2550.75,996.01,22.4,15.5,48.4,14.11,34.49,1082.75,155.79,1.7,10.0,13.8,1
93,0,26.04,65.76,2662.83,531.17,11.5,4.6,17.4,8.0,59.93,704.22,187.24,7.9,7.4,12.7,1
94,0,22.9,51.48,521.41,131.95,17.3,45.5,17.0,13.39,55.3,533.08,288.71,0.3,37.8,8.8,1
95,0,22.75,40.38,2366.71,385.94,10.6,23.4,18.8,5.34,49.01,1850.21,440.41,5.7,47.8,4.2,1
96,0,28.29,49.48,1938.04,882.98,28.8,4.7,47.6,16.77,72.26,2125.3,486.57,4.7,33.0,2.0,1
97,0,26.88,47.35,575.67,527.72,19.7,30.8,31.4,21.21,77.7,2082.28,112.1,6.5,38.3,5.1,1
98,0,20.31,58.22,824.39,945.95,20.4,8.9,34.8,27.09,53.42,625.2,405.0,5.5,14.6,2.1,1
99,0,20.48,32.85,2728.11,454.88,18.8,31.8,50.0,24.9,52.41,1588.58,247.71,9.0,28.6,6.6,1
100,0,19.47,69.54,2248.49,763.68,45.9,3.4,44.7,5.63,71.89,783.83,244.74,6.0,25.3,3.0,1
101,0,15.09,54.44,780.51,185.45,43.2,30.3,45.8,4.16,36.55,873.24,338.05,9.7,10.9,2.5,1
102,0,20.81,49.12,2060.91,658.61,21.9,6.1,43.5,-5.16,60.57,590.3,459.1,3.3,2.1,2.1,1
103,0,20.56,66.19,379.75,383.13,15.4,36.8,16.3,13.69,54.3,572.97,233.03,4.2,11.5,2.0,1
104,0,25.54,30.53,934.65,287.74,13.6,48.9,23.3,29.51,42.02,2190.97,332.71,4.3,40.1,1.5,1
105,0,29.16,69.38,1862.5,914.74,20.3,14.2,44.5,21.8,71.09,720.42,307.85,4.9,36.6,11.4,1
106,0,18.5,59.21,1927.49,586.08,45.0,7.5,44.2,8.69,88.81,1203.43,342.55,7.5,44.0,12.1,1
107,0,26.15,56.87,967.52,619.02,18.1,93.8,34.6,5.57,50.39,1321.62,98.71,0.6,4.6,5.5,1
108,0,28.11,64.3,1264.59,614.58,41.2,34.0,24.8,7.46,31.71,989.29,403.04,0.5,20.5,11.3,1
109,0,27.75,32.55,1116.59,427.34,16.2,35.3,45.7,9.1,47.7,1682.0,205.49,5.6,5.2,0.8,1
110,0,26.19,56.02,1347.31,846.77,12.4,16.3,16.4,-9.75,77.84,2146.74,182.02,6.0,29.4,7.3,1
111,0,15.88,30.78,1323.02,941.97,46.3,33.6,44.4,-1.45,71.89,1017.81,210.31,7.0,15.5,2.5,1
112,0,20.04,49.45,1764.4,839.59,49.2,2.5,30.2,11.7,32.48,1857.83,293.44,7.0,0.1,10.2,1
113,0,17.49,42.35,2863.17,839.19,29.5,92.1,27.5,8.76,35.45,1048.73,175.15,4.8,10.9,13.5,1
114,0,19.28,64.72,948.1,950.68,36.5,10.2,48.5,-7.91,79.58,1373.34,498.41,6.0,30.2,10.8,1
115,0,29.66,65.01,2396.12,166.14,14.4,84.4,22.0,11.85,77.72,1106.04,431.33,6.0,3.5,4.5,1
116,0,27.05,48.99,342.74,495.56,27.2,72.4,25.0,-6.71,56.4,2025.87,110.41,0.3,0.4,14.5,1
117,0,27.55,53.5,2320.91,881.88,42.1,7.1,47.5,-6.62,70.37,2141.87,285.98,0.4,22.7,8.5,1
118,0,26.6,58.87,675.46,435.21,39.9,4.0,29.5,23.94,76.14,1713.13,447.08,5.2,44.5,1.6,1
119,0,28.74,55.84,203.12,368.09,23.0,17.5,40.8,7.02,32.2,804.06,242.38,8.5,18.7,5.1,1
120,0,22.2,65.54,1138.99,457.24,17.4,83.1,15.7,15.12,57.32,1499.98,396.97,4.7,44.4,4.7,1
121,0,23.63,63.41,1417.46,647.34,12.8,48.2,49.3,10.41,42.23,1214.77,278.81,5.7,10.6,2.5,1
122,0,22.0,33.82,1893.78,428.27,14.2,87.7,41.8,17.32,64.39,615.7,325.71,4.6,44.9,3.0,1
123,0,28.31,45.71,1714.17,385.55,37.4,33.7,49.2,29.27,44.29,1550.68,252.84,4.6,4.3,11.9,1
124,0,23.06,57.65,2893.19,558.17,17.4,2.4,16.2,23.49,66.02,1192.78,90.42,7.6,4.7,6.2,1
125,0,26.05,47.58,385.96,408.04,17.9,49.8,38.2,7.48,89.27,1392.24,459.84,7.6,4.0,14.7,1
126,0,23.3,66.45,2627.36,304.96,48.7,8.8,15.9,0.58,87.16,1920.21,103.11,6.5,39.0,10.3,1
127,0,26.11,61.49,2480.95,815.24,41.8,49.4,19.1,-9.47,44.79,1393.31,189.7,5.9,1.8,7.4,1
128,0,15.58,45.91,209.03,588.05,32.8,20.4,34.4,13.07,79.36,1232.74,57.3,8.6,5.5,12.7,1
129,0,27.73,69.71,1418.0,403.36,38.4,71.8,35.7,19.23,38.21,531.13,333.34,1.6,26.0,3.2,1
130,0,28.31,66.94,1014.03,174.44,47.6,77.3,33.2,29.62,89.79,1127.29,427.84,1.9,27.2,11.8,1
131,0,15.52,49.32,2668.46,612.97,24.5,6.3,23.3,23.49,57.02,1267.31,330.48,2.9,21.8,12.8,1
132,0,20.28,65.54,2009.62,482.25,49.4,50.2,46.6,7.98,87.06,1392.53,475.92,4.0,39.5,7.6,1
133,0,17.62,50.14,1772.04,269.37,47.7,54.7,19.7,13.61,88.18,1993.23,362.16,3.6,33.1,9.6,1
134,0,19.06,42.45,2493.95,587.38,19.2,8.5,49.1,23.07,44.65,563.77,419.46,2.3,31.7,8.4,1
135,0,25.39,41.97,1898.54,826.94,25.6,31.9,19.3,6.66,63.89,1963.46,405.47,2.0,5.7,2.5,1
136,0,28.77,66.93,2889.32,599.3,17.9,21.2,41.4,1.76,84.59,612.2,171.36,9.6,0.6,10.6,1
137,0,23.28,51.29,1165.67,833.79,47.3,42.4,31.7,27.72,67.07,655.78,61.3,0.8,38.3,10.6,1
138,0,22.59,61.1,1640.07,528.01,48.4,98.7,45.3,-4.98,47.05,756.26,205.59,2.1,41.0,13.3,1
139,0,21.01,61.31,1932.41,203.51,21.0,96.9,30.0,27.7,58.1,1756.06,206.93,7.4,28.4,4.7,1
140,0,25.52,68.1,1983.78,707.66,45.8,39.2,25.4,-4.06,63.63,1663.84,387.29,0.6,31.3,12.7,1
141,0,26.42,39.57,560.83,306.69,39.6,70.7,49.1,29.99,37.12,1252.78,141.97,7.5,12.6,3.6,1
142,0,23.35,44.46,1974.35,319.89,24.7,64.5,47.8,14.3,87.12,678.03,256.62,6.6,19.1,2.4,1
143,0,18.99,58.91,2890.2,138.61,24.3,55.0,37.3,17.38,75.04,1029.89,70.16,1.4,43.1,9.6,1
144,0,23.66,42.2,1305.07,153.91,37.0,52.9,23.4,-4.29,76.34,1389.87,2.13,2.8,9.1,7.6,1
145,0,23.92,47.96,2625.83,260.72,16.2,45.7,27.4,-7.6,32.34,1829.61,473.1,5.2,10.5,10.0,1
146,0,26.13,35.7,525.19,340.37,22.3,86.2,40.1,-6.19,54.62,1310.92,101.39,4.7,40.4,6.8,1
147,0,21.18,48.3,1014.29,613.64,15.6,97.8,38.6,-7.2,47.39,627.52,148.03,9.2,36.1,14.3,1
148,0,26.89,39.26,833.87,706.86,20.1,83.8,38.2,-4.2,49.5,926.6,103.02,4.3,17.7,11.2,1
149,0,19.73,63.11,1675.74,276.77,43.9,91.1,44.6,7.38,89.68,1088.37,40.3,5.0,25.8,2.7,1
150,0,29.26,42.98,1226.1,249.92,35.7,47.7,37.9,2.42,35.24,592.47,262.48,6.4,14.3,5.6,1
151,0,25.62,35.9,2021.53,766.85,48.0,85.1,45.4,-0.74,78.91,1608.85,402.5,7.1,12.7,7.5,1
152,0,29.81,46.12,2529.33,568.55,23.4,63.1,49.4,26.14,78.85,1953.96,219.18,7.1,2.9,11.0,1
153,0,25.43,33.49,2073.86,724.97,23.7,2.7,47.5,-0.77,45.49,996.88,225.93,7.8,0.1,2.7,1
154,0,27.19,30.76,2468.48,851.26,44.2,94.4,23.5,6.66,86.61,1107.34,458.82,5.6,49.2,12.2,1
155,0,18.88,65.6,547.66,309.61,49.2,53.0,36.3,2.09,39.8,824.44,262.54,2.5,23.1,4.3,1
156,0,17.03,66.73,2172.13,128.6,11.5,78.7,26.9,6.13,64.32,2179.44,124.17,1.9,8.4,12.3,1
157,0,24.79,32.79,2743.12,514.4,28.8,55.0,17.3,8.21,43.96,1883.2,146.74,7.1,33.5,0.2,1
158,0,15.57,47.34,2624.85,871.78,19.4,59.0,47.6,-2.19,86.01,599.72,179.15,9.5,34.8,11.0,1
159,0,24.73,65.29,2357.26,274.27,37.8,51.1,34.3,-5.78,58.48,2093.59,243.5,2.4,6.3,14.2,1
160,0,22.15,56.85,1375.05,855.25,17.2,40.1,32.4,5.27,79.64,981.6,31.44,1.2,17.2,13.2,1
161,0,18.75,58.28,1394.66,193.7,38.9,76.1,46.4,29.36,60.54,1333.75,92.44,9.8,24.2,11.7,1
162,0,28.44,45.88,1582.64,782.34,35.0,16.1,16.8,16.32,83.2,2195.51,403.44,1.1,18.0,7.9,1
163,0,28.06,39.05,541.04,201.89,20.4,83.4,36.9,-2.36,79.96,499.43,265.93,5.3,17.6,6.2,1
164,0,26.01,64.26,1358.45,174.17,16.5,94.4,19.0,-3.97,88.68,2199.35,67.59,2.3,11.5,5.5,1
165,0,21.87,46.99,1787.31,304.76,14.2,20.7,46.4,21.83,55.36,1078.11,445.01,7.4,44.6,1.4,1
166,0,28.46,53.42,2130.02,115.62,17.6,50.7,38.6,-9.96,87.09,714.68,264.81,7.9,13.0,11.6,1
167,0,26.43,33.69,1324.56,127.65,46.5,70.1,18.1,12.39,32.61,683.47,292.28,2.6,17.3,10.8,1
168,0,26.39,63.33,2614.26,466.67,13.0,81.0,39.5,23.56,81.55,2164.53,319.84,0.3,6.4,3.7,1
169,0,17.45,50.28,2198.57,318.08,10.5,52.8,30.5,-5.65,87.81,1292.96,168.66,4.6,2.2,12.3,1
170,0,20.94,43.64,1413.14,701.04,19.1,45.7,27.5,-9.04,72.45,626.87,419.61,5.2,49.8,5.0,1
171,0,27.51,62.54,2062.22,898.48,15.4,12.8,40.6,3.02,84.15,2070.78,475.82,0.3,34.8,6.0,1
172,0,22.78,64.23,1328.05,640.39,30.5,1.2,19.8,6.31,31.35,1442.48,415.8,7.2,40.0,7.7,1
173,0,20.34,45.24,1810.19,284.54,20.8,6.3,38.0,23.84,82.1,1498.74,403.81,4.1,34.2,4.8,1
174,0,20.58,65.96,433.66,620.27,14.4,73.7,46.0,-6.27,36.98,2101.35,215.45,4.7,37.8,14.6,1
175,0,28.98,65.06,2015.06,573.2,16.4,40.5,24.4,-0.44,62.56,1607.96,4.74,2.8,23.4,14.3,1
176,0,20.66,59.63,1295.54,770.68,17.3,32.0,28.0,13.52,36.53,549.98,2.28,3.9,39.7,12.7,1
177,0,25.28,39.81,967.14,253.34,12.0,10.4,29.8,17.43,48.04,2165.2,417.35,9.6,27.2,13.6,1
178,0,21.95,30.62,1791.93,365.61,46.5,5.8,25.3,-3.09,42.14,704.52,494.54,1.8,24.0,1.8,1
179,0,24.33,49.46,1375.19,898.86,35.9,34.3,36.5,-9.93,34.16,2098.47,206.47,3.6,40.0,12.1,1
180,0,24.18,42.36,1214.22,740.2,25.8,40.4,49.1,9.17,61.75,689.13,18.4,4.9,17.0,4.3,1
181,0,26.77,40.43,1928.6,938.13,12.8,2.8,46.5,20.91,49.27,473.1,496.88,2.7,29.1,8.5,1
182,0,22.59,37.96,2763.18,876.88,41.8,42.9,22.0,8.42,72.99,2136.27,189.79,9.1,20.5,4.6,1
183,0,17.71,37.82,2926.5,973.66,39.8,29.6,36.3,23.89,60.15,1120.93,270.58,7.8,45.0,3.8,1
184,0,26.46,37.62,1563.76,926.95,46.9,8.3,47.9,13.07,57.04,1677.3,423.05,1.9,26.7,7.5,1
185,0,15.41,47.56,2890.07,963.39,12.3,91.7,49.7,15.48,71.56,1011.4,422.74,8.6,5.0,8.3,1
186,0,23.06,67.07,2847.5,253.89,28.3,88.1,34.2,-2.16,67.18,515.28,225.29,1.5,38.2,3.2,1
187,0,24.82,63.11,1861.37,740.33,29.8,20.1,43.5,-4.02,64.01,1788.62,498.76,3.1,5.1,10.8,1
188,0,16.63,34.45,385.61,768.93,26.3,84.0,34.1,-9.33,57.92,603.38,325.15,1.7,39.8,12.7,1
189,0,17.8,44.42,2511.44,317.77,35.1,68.0,46.0,5.62,65.36,1446.62,117.33,5.8,10.8,5.1,1
190,0,25.2,35.68,1005.27,521.23,31.7,94.0,19.4,9.71,50.21,1366.51,359.18,1.3,6.1,8.3,1
191,0,22.0,30.5,1084.15,924.47,11.6,15.7,47.2,-6.7,59.32,500.28,278.9,0.1,17.0,0.7,1
192,0,15.71,39.38,1600.2,932.41,24.1,82.8,19.5,25.83,72.16,1605.0,364.14,6.4,43.1,3.8,1
193,0,28.31,33.94,1863.89,655.76,39.8,50.2,16.7,9.51,58.9,2005.94,494.16,6.1,37.9,9.5,1
194,0,21.84,46.18,1531.36,873.11,35.1,61.3,23.3,22.31,34.02,2111.11,459.9,6.6,43.0,9.8,1
195,0,17.0,47.83,677.19,380.14,14.8,76.7,42.6,-3.08,81.35,1906.75,192.32,8.4,32.4,10.9,1
196,0,28.97,47.86,1140.97,296.78,26.3,28.1,18.2,19.08,35.53,458.8,429.74,9.2,40.3,6.0,1
197,0,29.75,52.83,2883.28,745.46,21.4,83.9,40.3,22.2,30.98,1331.23,25.37,3.8,30.2,11.2,1
198,0,16.27,41.76,1533.17,548.18,16.8,18.2,24.0,18.74,78.12,739.53,182.96,1.1,41.6,8.1,1
199,0,29.43,64.5,2379.6,806.12,32.9,91.9,34.8,21.46,35.79,1760.69,349.3,8.6,49.4,0.8,1
200,0,24.08,43.79,227.62,908.34,49.4,40.9,32.7,0.5,35.95,908.97,89.82,9.4,23.6,4.8,1
201,0,24.04,35.68,2394.29,930.03,10.2,15.7,21.0,6.57,85.76,1665.05,436.96,5.6,37.0,11.4,1
202,0,16.01,46.7,1321.31,465.42,21.5,45.5,40.8,24.94,60.0,1301.18,460.75,1.7,29.9,12.5,1
203,0,23.56,56.59,1841.91,273.34,11.6,15.9,30.4,-7.52,30.38,1390.89,195.49,4.7,36.2,1.8,1
204,0,26.16,34.92,715.64,522.69,16.4,80.0,24.1,-1.08,73.72,728.9,346.58,7.5,3.5,1.0,1
205,0,20.74,40.76,1293.94,522.39,14.0,27.3,17.7,-5.21,59.67,1723.11,248.17,3.6,38.4,4.4,1
206,0,18.0,42.36,2209.46,753.46,23.9,89.1,26.2,9.53,63.94,979.2,495.51,1.9,39.3,0.6,1
207,0,21.48,60.42,1296.58,781.74,44.7,16.4,17.8,2.81,83.68,1076.19,180.13,5.7,6.2,3.8,1
208,0,25.1,32.57,356.48,404.17,15.1,56.9,31.4,7.02,87.97,1600.08,111.77,3.1,29.7,4.1,1
209,0,19.73,62.06,2680.92,106.11,47.5,50.2,17.3,12.15,81.75,1590.57,263.74,6.9,5.1,2.5,1
210,0,15.8,60.76,2572.24,248.68,31.5,44.1,45.4,21.88,85.67,607.45,253.63,8.0,35.7,6.2,1
211,0,27.68,67.61,1447.76,624.15,35.3,6.5,22.5,22.7,78.44,645.0,274.8,9.6,8.9,7.4,1
212,0,26.72,31.65,1492.73,620.84,43.2,28.9,15.4,5.1,37.83,430.65,142.98,5.4,13.7,10.5,1
213,0,22.29,34.14,2485.66,971.56,30.5,9.6,24.5,-4.45,86.43,1873.35,284.38,1.4,42.3,10.6,1
214,0,18.32,63.13,1532.84,815.87,45.4,45.1,45.7,17.63,38.77,1919.79,341.77,6.6,46.7,14.6,1
215,0,24.68,52.58,496.86,431.63,26.7,37.2,22.1,-4.93,57.04,1596.44,47.15,8.3,14.7,10.4,1
216,0,21.41,40.52,1956.2,212.88,45.0,87.2,40.9,1.53,80.07,1480.72,182.18,6.7,13.4,1.1,1
217,0,15.86,59.37,2437.97,608.85,43.1,60.6,36.6,19.21,57.74,865.05,273.63,8.7,27.4,0.8,1
218,0,24.7,46.98,297.79,506.09,14.1,29.4,36.3,23.31,70.34,694.37,191.86,8.8,36.7,7.9,1
219,0,18.31,47.35,839.37,707.35,42.9,36.2,24.4,-7.13,36.83,425.14,103.87,6.7,2.8,2.7,1
220,0,18.42,47.44,307.93,233.11,41.9,23.9,29.7,1.95,69.16,955.36,216.56,3.9,18.2,2.4,1
221,0,25.42,49.31,1293.97,342.09,25.6,76.0,44.9,22.34,60.94,1048.1,192.58,4.4,17.4,4.4,1
222,0,19.32,68.1,1062.05,351.69,28.8,98.9,44.7,7.67,80.83,1080.67,77.5,8.1,9.2,5.6,1
223,0,17.28,54.34,339.25,433.51,18.8,98.8,20.3,6.19,59.67,1354.79,259.8,0.7,25.3,6.6,1
224,0,16.34,61.03,2108.74,150.73,10.8,22.6,23.5,5.11,44.18,2029.68,124.81,6.0,16.0,2.4,1
225,0,18.25,34.18,941.96,643.45,30.0,21.2,36.6,-0.43,54.33,1414.29,456.23,4.3,46.2,3.2,1
226,0,27.18,34.74,1444.82,201.57,28.7,85.3,39.6,6.46,89.58,1837.99,145.68,8.5,6.6,3.3,1
227,0,18.61,38.27,1487.69,530.84,37.2,2.7,23.2,-4.08,80.05,1676.24,177.2,5.9,31.7,14.1,1
228,0,24.13,39.02,613.01,743.79,10.6,40.3,31.0,16.44,79.74,533.59,432.22,0.8,29.5,10.5,1
229,0,17.76,59.52,1805.85,299.48,36.5,75.0,15.4,12.72,32.89,1302.5,113.96,4.6,14.4,8.3,1
230,0,15.91,47.56,582.0,404.24,26.1,32.4,18.6,23.33,83.18,2196.25,125.45,2.4,38.7,6.1,1
231,0,17.3,62.22,466.84,381.75,42.0,79.5,41.8,23.41,62.52,1773.96,470.92,0.2,41.7,8.0,1
232,0,20.28,49.88,1537.6,746.96,16.1,38.5,21.0,-7.92,38.63,757.63,220.43,4.6,48.8,11.9,1
233,0,25.86,59.24,1562.21,195.29,32.2,62.0,21.3,15.51,70.88,610.2,241.19,0.4,12.2,6.8,1
234,0,19.86,38.77,2224.4,722.31,14.1,82.8,26.5,16.39,64.74,1593.19,17.23,0.3,33.4,10.9,1
235,0,28.2,61.98,2782.92,394.77,24.3,72.6,36.0,-4.6,63.2,1812.16,268.75,2.4,30.1,3.4,1
236,0,17.47,68.06,2600.09,730.27,42.7,17.6,45.7,28.32,88.56,1713.15,217.54,3.1,12.5,14.0,1
237,0,15.79,46.87,2758.45,105.94,20.4,37.1,46.8,16.5,79.37,1770.53,50.41,4.8,38.9,13.2,1
238,0,21.76,59.46,1330.85,778.46,44.8,64.0,31.9,22.18,87.46,1128.76,254.98,7.4,31.0,6.1,1
239,0,20.44,46.81,416.69,259.37,43.2,81.5,44.6,18.09,73.29,1732.31,201.83,1.8,49.1,4.9,1
240,0,28.06,66.02,1145.67,321.07,22.4,40.7,41.9,-5.22,33.4,1319.09,375.89,0.6,36.0,14.2,1
241,0,20.92,62.96,1876.82,362.59,30.9,21.5,46.5,22.51,48.46,449.36,364.05,0.8,40.3,14.3,1
242,0,27.52,53.17,944.4,736.15,13.9,11.6,21.7,0.85,61.95,542.66,164.24,1.0,3.0,14.0,1
243,0,20.29,52.35,732.09,396.61,42.3,30.1,22.1,19.98,58.62,421.41,338.25,1.0,17.4,14.0,1
244,0,18.47,44.85,263.36,460.7,12.6,69.0,35.7,5.43,38.01,1595.72,363.98,8.9,15.7,9.3,1
245,0,20.35,32.0,2495.63,776.19,27.4,91.1,49.2,21.69,80.34,1426.68,211.3,7.0,0.9,14.2,1
246,0,27.44,34.85,289.73,872.08,10.3,3.0,32.1,-6.87,54.4,596.52,264.5,5.8,7.3,12.6,1
247,0,19.74,68.91,948.15,859.51,19.5,66.1,39.6,28.13,59.31,1836.44,16.34,5.8,23.1,9.0,1
248,0,16.25,48.38,526.73,567.89,25.0,86.4,26.8,17.75,89.49,625.45,0.58,4.5,6.6,10.9,1
249,0,22.64,57.55,2629.11,164.53,46.4,85.3,20.8,-0.37,68.67,924.3,14.35,1.8,37.8,6.3,1
250,0,23.36,51.03,2075.67,705.37,16.6,77.9,46.9,19.29,84.92,1933.08,75.31,6.6,46.4,2.7,1
251,0,17.31,40.65,1453.35,758.29,25.4,59.5,49.6,7.51,85.66,2167.15,248.67,4.9,25.6,13.1,1
252,0,25.28,53.05,2373.47,583.72,38.8,55.4,30.1,-0.98,60.2,1207.18,441.95,0.0,26.0,2.5,1
253,0,28.05,59.22,1724.97,641.41,26.4,13.9,18.1,22.53,60.17,1822.48,425.8,0.7,6.7,14.9,1
254,0,29.14,62.81,2995.44,961.21,15.8,80.4,37.0,8.14,30.7,1075.55,270.87,6.0,24.2,11.0,1
255,0,23.83,66.12,1921.72,253.0,48.5,97.0,45.8,-8.56,39.9,2145.29,92.18,4.7,8.8,4.2,1
256,0,21.98,67.55,2147.92,424.36,34.5,49.7,31.6,3.93,62.35,1327.38,233.26,7.2,15.1,11.3,1
257,0,29.2,61.29,2609.0,160.26,14.9,70.5,35.0,7.48,85.26,1250.85,338.38,8.6,47.1,5.7,1
258,0,29.13,67.75,2264.16,641.51,41.4,83.2,26.6,-8.31,66.86,1298.57,405.15,5.0,8.0,9.3,1
259,0,27.43,62.12,504.47,653.06,26.1,41.8,17.5,14.57,34.18,2022.83,49.94,5.8,6.0,2.6,1
260,0,26.46,35.73,1538.97,859.41,47.8,37.4,42.2,21.33,85.91,1599.04,327.89,5.5,5.8,0.7,1
261,0,22.88,57.03,2607.92,748.98,43.9,33.0,30.1,28.77,75.31,976.15,424.31,9.2,47.7,3.0,1
262,0,17.27,31.21,521.21,679.99,45.5,30.4,26.9,1.55,35.49,1476.62,125.83,8.0,5.0,0.8,1
263,0,29.93,40.7,2274.21,170.62,15.7,29.2,15.2,16.69,45.22,1046.3,392.42,8.5,8.7,4.3,1
264,0,26.64,64.3,1466.99,115.23,35.9,37.2,35.9,-5.17,63.94,1144.5,312.67,1.6,19.2,14.9,1
265,0,17.74,33.26,742.35,824.7,19.5,31.3,21.7,14.76,34.62,1310.9,17.87,8.1,15.6,4.0,1
266,0,21.57,36.21,313.02,662.63,12.8,10.4,41.5,19.36,65.66,1249.51,490.64,2.1,23.5,9.7,1
267,0,15.94,56.63,1245.05,642.48,21.0,34.6,16.6,-1.29,37.63,560.14,398.63,1.3,40.4,5.3,1
268,0,16.1,35.97,420.86,575.86,40.2,52.4,16.4,27.34,89.55,2051.41,188.26,6.7,35.3,12.1,1
269,0,15.44,43.96,1581.4,470.43,30.0,95.2,23.7,19.55,84.21,519.02,8.77,5.4,44.5,13.2,1
270,0,19.59,57.04,2905.85,288.41,27.5,62.7,26.3,26.52,77.26,562.25,178.82,3.8,27.3,3.9,1
271,0,26.37,41.41,2905.82,872.13,22.9,10.4,38.7,17.73,56.8,875.02,427.94,8.6,43.7,9.7,1
272,0,22.74,54.75,2340.47,608.55,41.5,44.4,35.9,-5.52,33.98,1327.61,352.05,1.4,1.2,5.1,1
273,0,27.35,49.95,1652.39,162.23,20.8,46.2,17.7,20.69,82.97,542.72,463.33,2.6,16.9,2.6,1
274,0,28.32,40.54,1129.08,416.98,19.3,2.0,34.1,11.49,45.57,1797.66,49.46,1.0,42.2,11.2,1
275,0,15.4,42.92,633.84,756.89,16.7,84.7,43.3,-6.79,80.2,1622.11,217.59,5.0,19.1,10.0,1
276,0,17.74,40.01,1809.56,779.64,33.2,23.3,37.7,19.75,73.36,1430.93,486.22,5.3,32.0,7.5,1
277,0,23.12,40.41,778.23,194.15,25.9,88.6,37.0,8.24,70.42,1636.62,264.22,9.0,16.3,13.5,1
278,0,19.07,68.95,1099.78,704.28,45.7,54.0,15.2,18.88,73.03,553.35,484.55,8.5,43.7,13.1,1
279,0,19.66,52.84,1254.49,708.98,46.2,83.2,19.1,26.81,37.47,1856.94,15.64,8.9,26.1,7.4,1
280,0,17.97,38.48,1581.3,747.46,14.6,37.1,44.4,-5.65,85.72,856.71,402.71,2.9,11.9,9.8,1
281,0,24.69,48.08,1188.68,468.22,20.7,38.5,30.4,-7.48,67.45,1795.11,272.24,6.1,17.3,1.8,1
282,0,20.07,68.82,1030.2,658.42,44.7,19.0,49.9,-6.07,63.82,977.74,135.89,5.5,19.9,12.9,1
283,0,21.77,66.17,1897.16,103.1,32.5,79.0,17.2,11.37,65.79,547.01,289.93,1.1,22.2,6.0,1
284,0,24.16,49.15,1752.68,633.24,23.2,34.3,34.8,12.85,44.9,1120.12,9.02,0.5,32.5,7.0,1
285,0,27.76,69.91,636.89,476.82,17.0,98.5,49.4,21.67,76.13,687.74,285.4,3.3,4.0,1.3,1
286,0,16.89,59.77,2508.11,605.02,43.7,17.2,15.6,-3.57,44.72,2199.26,82.54,4.4,46.2,5.4,1
287,0,20.17,47.9,348.45,552.59,25.0,95.9,22.5,-9.3,52.1,782.79,144.13,7.8,33.4,0.4,1
288,0,25.85,56.18,2699.19,898.64,10.1,77.8,26.1,4.19,40.44,505.57,388.31,9.0,15.3,12.2,1
289,0,28.73,58.62,251.36,268.74,38.7,19.9,16.0,5.62,60.67,1192.6,332.99,8.3,35.5,5.5,1
290,0,19.95,48.07,754.52,414.29,18.9,31.2,45.1,5.65,62.65,1645.7,370.01,4.8,30.3,3.9,1
291,0,28.31,34.77,1145.94,804.48,21.1,49.5,23.4,-5.83,56.75,444.83,21.26,5.2,18.7,3.3,1
292,0,26.81,52.39,2948.18,107.86,17.5,89.4,49.0,8.19,43.1,2182.13,393.58,3.5,48.4,14.3,1
293,0,15.82,39.13,739.1,362.63,19.8,18.2,30.7,8.17,47.68,1513.7,407.91,6.9,0.9,3.3,1
294,0,21.15,59.59,987.95,842.09,22.6,10.0,22.4,10.09,85.09,1396.11,146.74,4.9,6.8,9.9,1
295,0,27.17,57.21,1412.02,399.68,18.7,32.8,21.8,27.42,81.49,1905.92,487.37,3.4,47.2,4.3,1
296,0,21.99,42.57,1048.51,843.39,31.8,74.5,17.7,8.48,66.84,516.91,44.24,6.7,28.3,14.7,1
297,0,16.99,33.44,410.5,734.6,28.1,68.4,36.5,-4.46,88.11,1614.38,382.29,0.5,14.4,10.5,1
298,0,17.98,49.61,948.8,653.06,46.6,68.2,28.9,11.39,66.61,1427.97,43.56,1.4,8.3,12.6,1
299,0,19.15,40.42,1320.82,404.62,38.4,43.4,28.0,13.68,45.34,1977.2,194.02,1.7,2.1,8.7,1
300,0,26.84,50.15,1744.46,620.36,23.2,66.4,35.0,25.01,42.22,1362.57,219.96,8.7,27.5,1.9,1
301,0,18.61,37.54,2770.54,260.32,27.4,99.5,36.9,-7.89,52.55,1657.31,4.29,3.9,32.2,11.2,1
302,0,24.78,55.46,2503.88,663.47,45.0,24.1,20.0,-9.77,42.24,1798.8,242.47,2.9,46.3,7.5,1
303,0,19.16,50.56,2475.57,744.93,23.5,35.1,30.6,28.79,39.88,759.67,297.44,5.7,20.0,14.2,1
304,0,20.29,53.01,621.67,393.88,34.9,18.9,31.3,24.3,72.38,1041.75,50.8,6.8,27.2,8.6,1
305,0,20.78,58.29,2318.43,808.72,47.2,24.6,17.5,27.95,37.41,1677.39,481.41,5.5,35.9,5.9,1
306,0,22.71,61.46,449.06,985.84,10.2,16.8,19.1,-2.68,61.77,1528.12,313.0,9.2,17.9,13.9,1
307,0,16.76,68.23,999.72,455.88,45.7,17.6,15.3,2.84,32.31,1044.33,17.44,9.0,36.1,6.7,1
308,0,27.91,65.16,2916.32,827.61,32.7,67.4,18.2,-4.92,38.53,418.54,135.06,3.3,21.7,2.2,1
309,0,15.63,59.31,474.17,538.05,25.9,15.1,19.1,20.23,77.67,1409.21,251.59,7.5,7.3,9.8,1
310,0,23.53,62.95,2128.29,586.93,33.4,21.0,47.9,23.09,35.4,1384.09,207.18,5.7,9.1,1.7,1
311,0,28.77,50.39,2574.64,420.6,48.2,53.3,33.5,19.73,63.88,1582.99,144.24,2.8,9.5,9.5,1
312,0,29.63,31.17,2479.94,200.5,34.6,92.5,23.5,-1.25,49.27,1484.92,224.33,2.9,3.6,12.6,1
313,0,18.45,30.31,1241.94,376.53,36.0,90.5,29.6,16.7,34.38,973.11,299.47,9.5,6.2,9.1,1
314,0,24.13,53.93,1945.24,766.93,28.3,15.4,25.7,22.96,69.83,1420.44,100.69,0.8,13.4,5.1,1
315,0,24.91,67.56,2195.15,635.82,36.7,95.3,28.7,24.2,59.79,2000.05,63.39,0.5,3.4,4.8,1
316,0,25.99,47.64,1760.12,354.51,10.4,81.2,38.8,24.11,37.33,1634.06,50.54,1.5,8.1,4.1,1
317,0,24.33,41.38,2731.57,339.53,33.7,74.6,19.8,-7.08,36.5,1626.97,50.61,0.8,10.6,7.0,1
318,0,28.98,65.85,2645.72,488.34,22.1,65.9,44.9,-1.26,34.32,1069.9,53.16,4.2,8.1,13.0,1
319,0,21.78,40.64,561.9,222.69,18.4,91.8,15.4,3.89,55.76,679.35,313.13,6.2,46.0,8.0,1
320,0,23.34,42.8,1651.09,977.53,27.8,18.1,43.0,25.45,86.49,451.81,470.79,2.4,13.0,13.7,1
321,0,16.19,44.1,1887.75,401.3,46.4,45.4,23.5,21.51,51.16,2132.72,102.4,0.6,22.2,9.2,1
322,0,15.31,30.63,761.64,566.26,44.2,46.2,20.1,3.96,49.5,797.32,284.85,1.1,46.8,12.4,1
323,0,24.66,31.72,1060.51,355.69,29.8,50.4,18.1,0.33,73.35,1291.02,325.95,4.6,49.1,5.5,1
324,0,28.79,60.31,1417.96,136.1,43.4,66.7,47.7,21.3,80.94,1802.88,466.26,9.3,36.2,9.5,1
325,0,25.25,42.85,563.26,283.59,31.3,67.3,28.0,6.72,40.1,945.24,319.9,2.8,47.2,8.0,1
326,0,27.13,63.0,467.05,965.68,11.7,60.8,42.4,22.28,73.14,1164.97,409.05,7.2,8.8,6.7,1
327,0,29.5,31.24,2442.42,634.15,11.1,78.1,36.1,2.9,83.56,831.41,450.04,8.1,21.2,10.4,1
328,0,18.48,37.13,1092.27,263.29,46.1,73.0,21.4,-3.19,47.41,505.9,200.33,0.2,11.6,5.2,1
329,0,17.88,37.95,2031.57,560.56,32.7,68.2,23.4,15.18,38.3,687.91,247.89,3.1,41.0,7.6,1
330,0,17.45,67.9,2176.0,422.74,26.9,95.3,40.4,-3.65,73.67,1354.32,141.19,8.4,38.0,6.0,1
331,0,18.7,64.79,2274.01,712.54,45.6,43.2,24.0,11.57,49.68,981.57,412.02,8.0,0.4,8.4,1
332,0,24.33,60.76,605.45,352.36,29.9,78.7,39.1,20.86,84.57,591.23,481.86,3.7,1.0,11.3,1
333,0,17.5,58.32,2866.63,742.75,33.6,22.4,15.9,5.71,64.27,717.69,495.89,5.3,32.3,13.3,1
334,0,21.04,55.96,205.12,566.49,31.7,1.8,46.5,16.15,66.64,1499.74,90.4,1.0,46.9,11.3,1
335,0,26.11,43.93,2353.3,849.3,14.2,21.0,49.2,0.18,75.97,1788.34,370.6,9.4,38.5,13.6,1
336,0,17.44,53.81,2760.67,272.8,26.9,61.4,42.8,25.9,65.91,1379.66,261.01,9.5,21.8,13.2,1
337,0,15.78,69.85,1846.0,667.28,41.2,7.4,26.1,17.99,36.25,1030.84,39.14,8.1,30.3,1.0,1
338,0,29.7,30.28,2269.61,484.93,41.1,81.4,45.4,-1.39,35.22,740.53,164.07,0.5,1.0,7.8,1
339,0,17.42,38.96,440.05,546.27,38.8,97.3,36.1,2.98,36.67,643.53,5.31,0.6,36.7,0.8,1
340,0,20.22,32.85,1791.74,183.1,15.0,0.2,35.7,28.94,70.49,601.14,330.59,6.0,11.3,11.7,1
341,0,26.0,50.69,509.01,656.84,34.6,22.5,22.5,-9.13,38.65,1554.96,135.53,1.3,46.4,10.1,1
342,0,27.95,51.82,2422.83,712.0,45.9,49.1,41.3,25.65,47.66,1013.83,159.51,6.5,23.0,5.7,1
343,0,25.81,49.81,2390.19,173.58,27.6,77.0,43.8,13.72,75.47,1154.08,477.05,7.4,43.8,7.8,1
344,0,26.0,64.53,2345.11,310.86,37.1,96.5,33.5,-7.67,84.18,920.5,23.18,5.6,26.6,11.0,1
345,0,19.11,57.41,1687.88,269.28,24.2,26.6,39.4,28.68,65.88,2063.18,99.61,4.4,48.7,12.2,1
346,0,20.51,47.86,1489.4,946.73,29.0,71.6,31.8,11.45,83.13,1943.7,477.15,8.9,9.9,4.4,1
347,0,26.11,46.41,2117.12,718.95,33.7,27.2,36.5,13.91,71.92,965.71,365.34,4.6,47.4,2.1,1
348,0,19.73,51.15,213.48,260.4,49.0,44.2,32.6,-6.73,51.41,1197.83,445.86,2.3,6.5,4.1,1
349,0,21.54,50.26,2368.68,194.15,32.8,39.6,41.4,0.58,57.11,1428.65,78.58,7.9,45.4,1.0,1
350,0,26.57,50.62,1422.32,293.87,18.1,21.3,41.6,26.42,33.26,2130.94,349.14,7.3,41.7,10.9,1
351,0,17.68,53.86,1283.37,440.76,16.7,13.3,16.2,14.08,43.96,1912.62,447.01,5.3,0.6,7.9,1
352,0,23.19,67.3,914.47,924.94,18.8,36.5,32.6,24.77,58.95,1087.69,151.63,7.0,19.5,1.2,1
353,0,17.77,46.61,680.58,812.2,10.4,85.4,21.4,-4.68,34.35,2047.32,323.97,6.5,42.1,10.0,1
354,0,22.64,36.99,242.81,955.28,10.1,42.0,16.2,12.0,48.42,871.07,92.72,2.1,32.5,2.4,1
355,0,19.5,68.95,1529.78,488.59,21.9,55.5,34.6,24.27,41.1,491.64,372.41,8.6,49.5,2.6,1
356,0,22.78,30.59,2337.91,947.19,22.0,76.5,25.3,21.57,54.31,1296.83,470.13,9.5,49.4,1.4,1
357,0,17.63,30.91,2173.47,533.42,29.6,22.1,47.0,-1.75,65.9,500.16,251.48,0.9,18.6,4.6,1
358,0,29.93,42.03,2416.73,853.05,22.4,71.7,44.3,16.03,71.3,1104.14,386.99,1.4,25.0,13.7,1
359,0,23.29,39.72,387.89,599.48,11.0,54.7,22.5,15.99,68.63,699.64,333.08,2.4,35.5,12.5,1
360,0,29.82,33.01,2104.7,113.42,37.8,83.9,49.9,-7.28,55.79,1101.31,499.14,0.7,46.6,6.2,1
361,0,18.72,30.18,1621.99,486.19,11.2,36.7,24.8,4.08,31.43,1866.63,60.83,0.4,6.5,0.5,1
362,0,26.89,58.5,271.24,827.51,33.8,66.7,31.6,28.05,68.33,991.16,439.83,9.4,36.0,4.1,1
363,0,17.91,45.18,2253.52,989.21,29.0,92.7,30.6,25.3,74.66,1851.14,181.94,2.9,45.6,6.0,1
364,0,21.56,48.48,2916.79,474.86,43.1,67.3,34.4,-3.65,50.78,1036.18,267.39,1.2,39.7,6.0,1
365,0,23.34,65.45,1220.84,165.66,33.2,71.1,34.1,14.79,72.16,2077.64,27.43,8.0,6.1,0.1,1
366,0,24.86,34.77,1773.89,621.57,36.9,98.6,16.6,3.1,50.62,1278.7,338.54,5.1,4.3,9.0,1
367,0,20.75,52.58,649.84,167.8,20.0,59.4,37.9,-4.27,85.55,1326.75,437.3,6.0,42.3,13.4,1
368,0,17.74,35.11,2514.4,547.39,35.7,55.9,27.6,28.83,81.39,1408.47,103.07,1.3,12.2,2.3,1
369,0,25.34,53.14,1972.69,667.57,28.5,29.0,44.2,28.07,56.77,1016.65,66.0,1.4,6.0,6.0,1
370,0,24.35,53.29,1332.59,253.79,40.3,9.1,15.6,-3.65,81.27,1112.74,271.68,5.9,6.8,14.3,1
371,0,19.51,56.64,1377.18,861.44,12.4,57.7,41.9,9.07,34.93,2029.55,409.46,6.2,34.5,9.8,1
372,0,21.25,55.48,2539.29,431.68,25.1,73.7,24.2,11.55,88.32,1350.84,199.68,8.1,32.4,10.8,1
373,0,29.39,42.11,2744.12,396.82,15.1,81.2,33.2,6.85,86.45,1472.61,144.9,7.2,12.7,1.2,1
374,0,15.98,61.05,2577.49,553.7,21.4,69.0,37.0,6.61,65.78,1578.16,52.15,5.3,6.9,12.7,1
375,0,25.13,38.02,937.58,599.1,35.2,43.2,23.4,-3.31,46.15,1409.3,476.86,0.1,46.4,0.6,1
376,0,19.83,43.17,1261.65,780.72,35.5,87.5,21.1,19.74,62.87,1900.32,408.25,4.5,43.6,11.6,1
377,0,29.1,59.76,1969.43,324.44,20.8,55.6,28.0,6.59,82.63,2000.9,56.01,4.5,19.3,9.8,1
378,0,19.33,53.83,2010.89,462.41,18.4,98.5,33.6,23.66,65.29,786.97,56.45,1.0,0.7,0.8,1
379,0,19.77,54.91,1117.72,265.44,40.7,51.6,19.4,-6.25,47.39,687.66,57.49,7.6,10.8,5.3,1
380,0,20.56,53.42,424.85,858.12,14.3,13.6,25.9,-2.97,49.4,1004.41,415.44,0.3,21.4,10.6,1
381,0,22.14,33.15,1925.1,126.49,24.2,52.3,39.5,3.86,83.23,1606.98,94.31,8.8,40.3,3.1,1
382,0,15.68,68.55,730.44,448.66,16.7,85.3,49.7,20.81,31.41,996.78,11.85,7.9,31.4,3.4,1
383,0,18.31,67.17,2019.19,951.31,39.4,7.3,19.4,6.05,70.66,1633.29,254.11,6.7,25.0,4.4,1
384,0,24.02,53.96,1995.34,646.73,41.4,48.9,27.4,7.76,38.58,1283.46,150.01,4.4,3.2,8.3,1
385,0,20.83,63.72,1702.35,277.82,14.0,3.0,34.6,5.58,62.95,892.78,246.82,0.8,41.6,6.8,1
386,0,17.0,42.5,2640.74,942.8,38.6,11.7,26.4,-4.28,88.82,676.59,88.97,8.4,1.9,1.8,1
387,0,29.19,40.03,1879.15,737.31,11.4,38.1,38.2,-6.73,73.54,905.03,27.81,8.5,4.0,4.1,1
388,0,21.29,36.54,1532.76,862.37,15.7,63.1,42.7,18.54,43.65,1174.99,328.31,9.1,26.5,4.8,1
389,0,22.51,58.97,2826.43,965.16,22.7,9.8,47.9,-6.71,57.72,1114.06,114.25,6.4,28.4,0.4,1
390,0,22.53,68.1,2473.52,321.35,47.5,40.9,46.9,-9.03,88.75,1702.24,24.02,4.1,33.1,10.0,1
391,0,19.23,37.21,508.77,202.61,11.4,98.8,27.4,9.57,85.76,756.36,180.17,3.3,38.1,1.1,1
392,0,28.41,32.0,983.92,111.3,17.1,80.2,49.2,-2.85,55.73,900.41,378.64,6.7,1.7,10.3,1
393,0,27.09,60.69,1954.44,393.19,44.6,41.2,36.9,24.3,61.73,1685.5,195.47,5.8,43.1,4.4,1
394,0,20.24,65.66,2989.75,917.36,15.3,40.7,26.2,-1.37,86.83,1739.76,442.19,1.2,7.5,2.2,1
395,0,29.38,43.48,850.19,877.59,21.8,92.9,45.6,10.96,31.83,2063.48,58.55,7.7,8.6,13.4,1
396,0,26.35,67.78,725.07,444.92,31.1,31.8,40.2,29.08,84.48,742.52,50.1,6.8,12.1,6.8,1
397,0,21.67,40.29,1480.56,419.41,45.1,91.9,34.9,29.92,48.98,1123.69,16.39,4.5,43.4,12.7,1
398,0,15.42,43.14,1953.52,927.34,23.0,61.9,38.6,6.04,89.61,1703.88,164.66,0.0,27.2,3.6,1
399,0,25.18,58.12,1017.38,879.85,24.0,10.9,42.1,9.08,82.81,1622.63,454.07,4.2,20.0,7.5,1
400,0,29.23,51.64,2562.25,748.51,17.1,7.3,17.0,21.32,50.49,1168.68,135.64,1.3,2.6,2.0,1
401,0,15.4,45.27,1500.71,184.5,44.2,33.4,49.7,1.7,68.91,871.49,126.93,7.4,18.8,5.6,1
402,0,19.9,41.5,1333.2,905.18,26.1,78.7,31.7,6.29,58.35,1670.48,136.59,5.5,22.2,11.6,1
403,0,18.39,41.14,1103.17,374.56,24.9,76.0,25.3,21.58,38.77,2194.71,494.12,8.6,7.9,11.3,1
404,0,16.73,51.85,1814.03,207.57,33.3,4.5,30.4,4.93,79.93,1586.71,23.41,0.1,34.7,13.5,1
405,0,28.07,48.1,1503.65,930.62,21.9,95.4,40.7,21.8,88.99,653.92,348.42,9.5,13.3,11.4,1
406,0,18.86,55.0,2199.62,966.51,19.1,98.1,36.7,23.41,32.48,1737.38,121.76,9.4,2.1,4.4,1
407,0,27.11,51.72,1384.07,372.04,42.8,26.7,24.6,-3.81,68.58,917.85,280.97,8.5,12.0,0.2,1
408,0,16.04,66.46,252.06,857.36,14.9,7.3,40.7,21.98,80.35,1334.9,243.87,3.4,44.8,2.0,1
409,0,17.27,46.5,1548.11,970.61,29.0,63.4,38.8,14.72,67.16,1831.92,430.51,0.2,49.3,9.0,1
410,0,25.62,69.08,2148.62,570.02,28.7,23.9,35.4,9.24,47.69,807.73,140.21,1.1,7.4,5.7,1
411,0,29.81,51.68,454.85,382.99,45.4,98.2,23.7,-4.72,76.41,1018.64,189.24,7.0,42.4,1.4,1
412,0,15.33,59.5,1019.8,509.51,16.3,47.9,48.1,29.51,78.39,2034.0,484.35,7.4,31.4,4.0,1
413,0,15.74,40.28,2628.74,805.72,20.1,93.5,16.0,14.69,69.02,445.8,96.52,3.3,34.8,5.4,1
414,0,17.98,63.36,542.84,553.14,43.6,43.0,44.3,25.49,50.66,1814.84,348.68,8.0,26.1,12.3,1
415,0,17.01,60.79,1309.56,943.25,35.6,18.2,45.0,6.88,63.06,1637.2,59.75,5.6,24.5,14.7,1
416,0,27.22,51.9,203.31,416.94,30.6,79.1,48.7,6.6,71.42,670.46,292.8,8.5,42.0,10.7,1
417,0,24.7,39.66,2205.67,946.67,16.9,22.3,24.3,-9.41,67.27,1450.75,228.78,6.4,7.3,0.6,1
418,0,22.9,35.32,2616.5,202.68,43.8,42.8,31.7,13.56,47.88,1724.84,25.99,3.8,45.8,7.4,1
419,0,16.2,50.67,553.2,515.95,33.9,99.6,41.6,25.43,52.2,1310.4,467.43,3.0,3.6,14.8,1
420,0,20.82,50.91,804.15,876.07,33.7,71.6,28.8,-7.75,43.76,716.41,218.82,9.6,39.2,1.0,1
421,0,23.58,36.06,468.17,299.65,40.2,97.4,26.6,24.78,39.04,564.15,302.89,3.0,19.6,9.4,1
422,0,15.87,44.39,2438.09,995.15,34.3,41.4,33.2,7.29,68.44,1878.68,413.36,4.9,39.4,6.0,1
423,0,24.45,43.19,454.59,701.65,30.4,54.7,39.9,25.88,58.17,591.96,470.4,0.7,18.6,7.3,1
424,0,15.78,60.84,2013.38,913.56,11.2,42.1,27.7,4.04,66.94,1443.46,5.06,0.6,1.9,10.8,1
425,0,21.69,35.94,1767.6,779.04,19.6,50.2,41.3,-7.53,39.69,1218.73,104.48,6.5,6.6,13.3,1
426,0,27.96,65.84,2502.77,321.38,30.5,69.1,16.3,1.0,88.87,1044.52,430.39,3.3,21.8,11.1,1
427,0,19.18,43.72,2307.23,495.51,47.8,59.5,16.5,28.61,84.47,1013.58,386.08,2.4,2.8,2.3,1
428,0,22.55,66.16,314.87,153.14,12.9,96.3,49.2,17.29,56.41,1758.89,391.87,6.0,5.7,12.6,1
429,0,19.77,52.87,904.48,360.73,34.7,49.3,16.7,20.75,56.92,2091.36,67.23,6.9,24.7,0.3,1
430,0,23.02,35.25,890.02,394.45,27.0,1.8,30.2,24.86,55.08,973.54,339.12,1.3,37.3,6.7,1
431,0,21.9,46.74,762.2,656.38,48.9,22.2,36.4,-0.43,72.78,2012.18,219.4,6.0,48.7,13.4,1
432,0,23.47,36.16,2514.09,424.05,12.5,79.1,35.1,1.76,72.31,555.49,385.29,2.5,46.4,5.6,1
433,0,15.6,62.75,2183.3,432.71,15.3,0.5,19.5,13.38,56.73,1415.47,53.44,0.2,18.7,11.8,1
434,0,24.38,68.57,2794.86,484.05,38.6,55.5,20.7,15.9,64.42,1237.73,3.8,4.8,37.0,11.3,1
435,0,29.51,61.19,1518.36,979.22,12.4,52.4,37.8,6.91,55.9,781.42,248.17,9.3,29.5,14.9,1
436,0,19.45,63.61,1943.58,788.85,46.0,25.0,26.7,28.23,88.29,515.52,180.41,4.9,12.6,10.7,1
437,0,22.74,53.61,2678.51,454.88,10.4,83.7,35.3,25.19,42.59,620.21,142.94,7.4,4.1,9.2,1
438,0,26.79,56.12,1549.04,727.22,39.2,97.1,44.7,22.51,69.95,2094.85,310.62,2.5,24.0,3.0,1
439,0,23.59,62.76,2587.92,388.39,42.3,69.9,39.6,23.75,78.28,1536.18,56.98,6.1,26.4,14.3,1
440,0,16.69,54.34,1747.95,333.63,38.4,68.4,47.6,-6.78,72.6,1614.42,368.13,2.8,33.6,9.6,1
441,0,16.39,41.02,1351.28,789.71,13.9,75.6,34.7,15.9,78.54,1761.37,219.78,4.1,14.4,13.6,1
442,0,19.14,53.72,1352.87,807.72,29.3,31.5,34.6,25.62,51.6,1308.23,427.93,9.2,6.5,12.3,1
443,0,23.31,33.79,2636.71,246.97,16.4,63.0,31.3,13.74,35.01,1218.97,48.4,6.9,29.6,13.8,1
444,0,19.19,41.0,1537.9,423.66,12.7,12.8,41.2,-3.45,35.42,833.13,335.71,8.3,24.9,5.4,1
445,0,19.3,35.06,1837.97,387.3,41.6,12.3,44.8,-9.95,37.83,1352.09,311.76,9.0,23.4,3.9,1
446,0,22.66,47.22,1873.32,811.14,38.9,6.3,25.1,21.26,77.64,1229.75,43.86,3.9,30.9,3.9,1
447,0,18.69,50.29,2308.69,197.36,36.2,43.3,31.4,21.45,48.14,1141.59,122.81,8.3,2.7,0.8,1
448,0,29.34,54.21,1991.68,538.81,48.2,78.9,44.7,26.35,77.57,1197.49,338.96,3.2,30.5,11.0,1
449,0,17.05,31.98,1819.03,885.47,17.0,34.1,15.9,-3.85,76.77,1629.01,499.55,1.6,4.2,8.4,1
450,0,24.98,34.49,1716.12,776.36,14.3,72.9,33.3,13.27,70.36,1768.39,317.36,4.2,16.9,8.7,1
451,0,23.7,47.5,1809.72,663.61,12.2,96.4,22.1,-4.98,70.94,1534.14,79.35,8.7,14.2,2.9,1
452,0,17.79,64.6,1153.1,543.06,32.8,62.1,21.6,-1.35,42.43,1112.73,398.96,8.4,43.6,3.7,1
453,0,16.02,39.62,1540.22,710.64,40.9,48.9,23.2,0.94,45.79,1484.37,42.98,6.5,16.2,13.2,1
454,0,21.44,54.43,2517.2,857.66,11.3,5.3,21.6,1.81,55.82,648.14,173.02,1.6,0.4,7.6,1
455,0,23.56,39.96,1903.31,356.98,30.3,71.6,16.9,14.11,65.63,468.44,57.74,1.0,29.6,5.2,1
456,0,25.88,33.53,2245.04,458.39,42.9,81.3,38.1,20.35,42.29,854.29,299.67,7.7,35.6,1.6,1
457,0,22.75,62.85,225.56,828.94,10.7,76.9,47.7,20.49,38.67,681.94,14.33,2.1,35.0,14.1,1
458,0,17.8,48.75,2442.83,241.29,41.7,48.1,19.7,18.82,37.9,1448.84,203.41,9.3,10.7,5.8,1
459,0,23.23,37.55,593.13,432.53,15.6,6.4,32.1,13.98,30.88,1356.58,257.28,1.9,37.3,4.4,1
460,0,15.43,63.03,1672.86,332.07,16.7,79.9,18.8,9.56,43.42,1031.36,210.69,0.6,10.2,3.2,1
461,0,20.81,34.25,2319.24,781.1,20.4,41.7,34.0,10.61,62.51,1707.73,63.85,9.3,33.3,8.4,1
462,0,17.0,56.22,2446.97,556.07,31.4,64.9,40.7,14.26,73.75,1029.14,84.3,4.7,39.1,0.3,1
463,0,15.74,68.59,897.44,375.76,25.1,67.2,27.1,21.47,61.75,770.28,17.36,1.4,8.5,3.9,1
464,0,16.84,68.62,1499.88,599.71,49.8,59.7,25.6,2.67,54.84,1260.48,20.71,1.4,18.9,7.3,1
465,0,25.42,56.88,1879.89,872.29,25.6,3.0,27.2,29.4,69.96,1039.6,123.03,7.3,22.5,0.0,1
466,0,17.36,65.73,2642.15,649.13,33.2,30.9,16.7,24.72,86.67,1672.09,157.82,1.8,33.5,3.1,1
467,0,24.31,62.69,2202.28,658.3,42.8,72.4,42.6,23.54,74.78,1407.93,193.55,6.6,24.2,3.2,1
468,0,24.8,44.61,1631.86,565.02,43.7,33.6,34.1,-5.17,63.18,587.91,407.28,8.6,16.0,4.9,1
469,0,26.97,50.44,355.03,498.27,18.4,88.0,37.6,8.24,88.49,1137.42,282.87,6.6,35.6,2.8,1
470,0,29.26,33.65,762.63,108.12,37.5,69.1,21.5,24.83,75.03,1800.95,96.35,6.6,12.4,13.9,1
471,0,21.94,68.88,1979.38,376.01,24.7,60.2,27.2,19.75,41.93,1583.92,35.4,6.5,2.4,7.3,1
472,0,23.58,40.9,1257.43,222.13,41.2,41.6,15.5,0.35,65.77,1170.86,486.74,9.6,4.6,11.3,1
473,0,16.85,47.26,255.29,588.43,41.3,3.2,36.4,16.97,83.69,826.14,288.75,4.5,0.9,3.9,1
474,0,20.95,56.86,338.8,681.44,32.4,86.5,24.2,-7.76,80.66,661.41,240.38,2.3,26.0,0.9,1
475,0,16.66,65.03,1026.4,233.97,39.4,25.7,18.2,23.61,45.97,1835.92,308.89,3.4,2.8,6.0,1
476,0,25.64,49.6,2240.0,930.41,47.8,57.7,30.3,9.63,87.59,1226.58,267.56,3.1,48.9,11.7,1
477,0,26.9,69.03,561.76,944.74,11.8,40.4,45.6,13.17,46.8,2072.0,383.86,9.2,6.6,8.0,1
478,0,28.0,67.87,2328.77,618.01,11.5,77.5,35.8,17.27,36.97,2188.85,185.01,2.7,32.2,2.1,1
479,0,28.1,65.29,2971.95,471.61,20.7,85.5,15.3,11.77,77.06,1733.65,320.8,7.0,47.3,4.6,1
480,0,16.63,46.21,784.68,253.77,22.6,1.6,37.3,-3.38,66.85,1385.55,367.53,8.9,35.0,0.3,1
481,0,16.82,51.44,1273.64,413.54,11.8,4.6,15.1,1.58,64.66,928.19,280.05,3.8,42.3,8.7,1
482,0,18.77,63.86,548.59,671.25,19.0,35.2,41.9,16.78,75.66,1090.56,247.16,1.7,11.3,13.9,1
483,0,26.23,58.59,2163.16,573.01,30.4,0.7,45.0,-6.14,66.19,1653.04,408.15,9.5,17.2,1.9,1
484,0,15.34,34.43,2232.06,258.91,15.1,55.8,49.5,17.17,83.96,731.58,276.63,6.5,45.2,14.9,1
485,0,29.07,59.08,2632.84,251.25,19.5,20.5,29.7,14.61,57.84,832.09,91.63,0.6,37.8,4.8,1
486,0,21.61,39.52,2796.47,356.36,43.2,45.8,17.0,8.29,63.96,1382.92,334.84,7.7,9.1,14.2,1
487,0,24.93,65.51,1151.66,254.18,25.7,22.6,36.9,27.87,84.74,960.9,51.46,8.6,18.0,2.8,1
488,0,23.16,63.74,1507.24,578.8,35.0,56.0,49.2,14.18,49.01,1466.38,238.89,1.2,37.0,8.5,1
489,0,17.28,59.68,358.34,607.03,42.5,45.5,19.9,14.13,80.2,2063.73,213.39,1.4,49.3,10.3,1
490,0,24.74,56.5,253.05,447.18,38.5,19.5,41.5,-3.32,63.49,2161.82,422.37,4.4,20.5,8.3,1
491,0,16.41,31.72,2651.47,221.97,42.8,90.8,25.4,1.1,66.84,1643.46,109.73,7.8,8.4,8.9,1
492,0,28.69,47.83,2302.13,561.61,41.4,60.8,23.8,13.41,66.82,1767.28,75.57,7.2,11.7,14.1,1
493,0,15.73,53.95,286.62,561.34,44.1,97.3,18.8,6.35,44.11,1242.2,302.83,8.1,34.2,9.7,1
494,0,28.68,65.62,404.07,392.28,13.0,32.3,37.1,10.59,80.73,2050.42,55.18,9.1,36.8,5.3,1
495,0,17.88,42.57,2689.71,972.91,40.2,42.2,26.1,-6.42,50.05,1842.65,57.83,7.4,10.9,3.5,1
496,0,23.55,38.46,206.28,612.3,16.8,54.0,20.5,27.85,31.88,1118.78,405.77,4.8,31.0,3.9,1
497,0,28.88,48.36,1014.32,588.44,36.5,95.5,20.9,4.49,86.54,668.61,494.61,0.0,41.7,5.8,1
498,0,15.18,43.27,999.83,183.75,38.2,52.7,43.2,28.65,68.42,526.93,467.97,2.6,30.9,10.3,1
499,0,26.65,54.36,1686.9,994.02,26.1,13.4,47.4,7.84,65.99,1801.36,387.19,7.5,24.7,12.3,1
